CO_NCM;NO_NCM_POR;NO_PAIS;CO_ANO;valor_exportado_usd;peso_kg
39201099;Outras chapas de polímeros de etileno, não reforçadas nem estratificadas, sem suporte, nem associadas de forma semelhante a outras matérias;Alemanha;2021;5118248;1857232
39201099;Outras chapas de polímeros de etileno, não reforçadas nem estratificadas, sem suporte, nem associadas de forma semelhante a outras matérias;Alemanha;2022;7799308;3162749
39201099;Outras chapas de polímeros de etileno, não reforçadas nem estratificadas, sem suporte, nem associadas de forma semelhante a outras matérias;Alemanha;2023;3401064;1494062
39201099;Outras chapas de polímeros de etileno, não reforçadas nem estratificadas, sem suporte, nem associadas de forma semelhante a outras matérias;Alemanha;2024;2106120;744976
39201099;Outras chapas de polímeros de etileno, não reforçadas nem estratificadas, sem suporte, nem associadas de forma semelhante a outras matérias;Alemanha;2025;3315476;1136927
39201099;Outras chapas de polímeros de etileno, não reforçadas nem estratificadas, sem suporte, nem associadas de forma semelhante a outras matérias;Andorra;2022;4300;210
39201099;Outras chapas de polímeros de etileno, não reforçadas nem estratificadas, sem suporte, nem associadas de forma semelhante a outras matérias;Angola;2021;86805;8116
39201099;Outras chapas de polímeros de etileno, não reforçadas nem estratificadas, sem suporte, nem associadas de forma semelhante a outras matérias;Angola;2022;161413;52303
39201099;Outras chapas de polímeros de etileno, não reforçadas nem estratificadas, sem suporte, nem associadas de forma semelhante a outras matérias;Angola;2023;197236;25873
39201099;Outras chapas de polímeros de etileno, não reforçadas nem estratificadas, sem suporte, nem associadas de forma semelhante a outras matérias;Angola;2024;403862;120436
39201099;Outras chapas de polímeros de etileno, não reforçadas nem estratificadas, sem suporte, nem associadas de forma semelhante a outras matérias;Angola;2025;594751;187151
39201099;Outras chapas de polímeros de etileno, não reforçadas nem estratificadas, sem suporte, nem associadas de forma semelhante a outras matérias;Antígua e Barbuda;2022;90;6
39201099;Outras chapas de polímeros de etileno, não reforçadas nem estratificadas, sem suporte, nem associadas de forma semelhante a outras matérias;Antígua e Barbuda;2023;23;2
39201099;Outras chapas de polímeros de etileno, não reforçadas nem estratificadas, sem suporte, nem associadas de forma semelhante a outras matérias;Antígua e Barbuda;2024;210;50
39201099;Outras chapas de polímeros de etileno, não reforçadas nem estratificadas, sem suporte, nem associadas de forma semelhante a outras matérias;Argentina;2021;22459553;7195301
39201099;Outras chapas de polímeros de etileno, não reforçadas nem estratificadas, sem suporte, nem associadas de forma semelhante a outras matérias;Argentina;2022;27831141;8520910
39201099;Outras chapas de polímeros de etileno, não reforçadas nem estratificadas, sem suporte, nem associadas de forma semelhante a outras matérias;Argentina;2023;40877167;16933523
39201099;Outras chapas de polímeros de etileno, não reforçadas nem estratificadas, sem suporte, nem associadas de forma semelhante a outras matérias;Argentina;2024;30211023;13212990
39201099;Outras chapas de polímeros de etileno, não reforçadas nem estratificadas, sem suporte, nem associadas de forma semelhante a outras matérias;Argentina;2025;19023258;8288030
39201099;Outras chapas de polímeros de etileno, não reforçadas nem estratificadas, sem suporte, nem associadas de forma semelhante a outras matérias;Argélia;2021;3954;1134
39201099;Outras chapas de polímeros de etileno, não reforçadas nem estratificadas, sem suporte, nem associadas de forma semelhante a outras matérias;Argélia;2024;160015;21600
39201099;Outras chapas de polímeros de etileno, não reforçadas nem estratificadas, sem suporte, nem associadas de forma semelhante a outras matérias;Aruba;2021;51;0
39201099;Outras chapas de polímeros de etileno, não reforçadas nem estratificadas, sem suporte, nem associadas de forma semelhante a outras matérias;Arábia Saudita;2024;5046;121
39201099;Outras chapas de polímeros de etileno, não reforçadas nem estratificadas, sem suporte, nem associadas de forma semelhante a outras matérias;Arábia Saudita;2025;6916;405
39201099;Outras chapas de polímeros de etileno, não reforçadas nem estratificadas, sem suporte, nem associadas de forma semelhante a outras matérias;Austrália;2021;14007;688
39201099;Outras chapas de polímeros de etileno, não reforçadas nem estratificadas, sem suporte, nem associadas de forma semelhante a outras matérias;Austrália;2022;192668;27656
39201099;Outras chapas de polímeros de etileno, não reforçadas nem estratificadas, sem suporte, nem associadas de forma semelhante a outras matérias;Austrália;2023;129742;20265
39201099;Outras chapas de polímeros de etileno, não reforçadas nem estratificadas, sem suporte, nem associadas de forma semelhante a outras matérias;Austrália;2024;68473;11285
39201099;Outras chapas de polímeros de etileno, não reforçadas nem estratificadas, sem suporte, nem associadas de forma semelhante a outras matérias;Austrália;2025;79852;24169
39201099;Outras chapas de polímeros de etileno, não reforçadas nem estratificadas, sem suporte, nem associadas de forma semelhante a outras matérias;Bahamas;2021;31;1
39201099;Outras chapas de polímeros de etileno, não reforçadas nem estratificadas, sem suporte, nem associadas de forma semelhante a outras matérias;Bahamas;2022;6002;1795
39201099;Outras chapas de polímeros de etileno, não reforçadas nem estratificadas, sem suporte, nem associadas de forma semelhante a outras matérias;Bahamas;2023;429;91
39201099;Outras chapas de polímeros de etileno, não reforçadas nem estratificadas, sem suporte, nem associadas de forma semelhante a outras matérias;Bahamas;2024;15376;7050
39201099;Outras chapas de polímeros de etileno, não reforçadas nem estratificadas, sem suporte, nem associadas de forma semelhante a outras matérias;Bahamas;2025;14506;7138
39201099;Outras chapas de polímeros de etileno, não reforçadas nem estratificadas, sem suporte, nem associadas de forma semelhante a outras matérias;Barbados;2021;23192;1998
39201099;Outras chapas de polímeros de etileno, não reforçadas nem estratificadas, sem suporte, nem associadas de forma semelhante a outras matérias;Barbados;2022;19985;1689
39201099;Outras chapas de polímeros de etileno, não reforçadas nem estratificadas, sem suporte, nem associadas de forma semelhante a outras matérias;Barbados;2023;5352;495
39201099;Outras chapas de polímeros de etileno, não reforçadas nem estratificadas, sem suporte, nem associadas de forma semelhante a outras matérias;Barbados;2024;26193;2223
39201099;Outras chapas de polímeros de etileno, não reforçadas nem estratificadas, sem suporte, nem associadas de forma semelhante a outras matérias;Barbados;2025;14810;1213
39201099;Outras chapas de polímeros de etileno, não reforçadas nem estratificadas, sem suporte, nem associadas de forma semelhante a outras matérias;Barein;2021;16901;6984
39201099;Outras chapas de polímeros de etileno, não reforçadas nem estratificadas, sem suporte, nem associadas de forma semelhante a outras matérias;Barein;2023;128;0
39201099;Outras chapas de polímeros de etileno, não reforçadas nem estratificadas, sem suporte, nem associadas de forma semelhante a outras matérias;Belize;2021;796;67
39201099;Outras chapas de polímeros de etileno, não reforçadas nem estratificadas, sem suporte, nem associadas de forma semelhante a outras matérias;Belize;2022;3621;288
39201099;Outras chapas de polímeros de etileno, não reforçadas nem estratificadas, sem suporte, nem associadas de forma semelhante a outras matérias;Belize;2023;1289;112
39201099;Outras chapas de polímeros de etileno, não reforçadas nem estratificadas, sem suporte, nem associadas de forma semelhante a outras matérias;Belize;2024;2885;247
39201099;Outras chapas de polímeros de etileno, não reforçadas nem estratificadas, sem suporte, nem associadas de forma semelhante a outras matérias;Belize;2025;1271;107
39201099;Outras chapas de polímeros de etileno, não reforçadas nem estratificadas, sem suporte, nem associadas de forma semelhante a outras matérias;Bermudas;2022;40;0
39201099;Outras chapas de polímeros de etileno, não reforçadas nem estratificadas, sem suporte, nem associadas de forma semelhante a outras matérias;Bolívia;2021;2880803;1437509
39201099;Outras chapas de polímeros de etileno, não reforçadas nem estratificadas, sem suporte, nem associadas de forma semelhante a outras matérias;Bolívia;2022;4526165;2107004
39201099;Outras chapas de polímeros de etileno, não reforçadas nem estratificadas, sem suporte, nem associadas de forma semelhante a outras matérias;Bolívia;2023;5385356;3066533
39201099;Outras chapas de polímeros de etileno, não reforçadas nem estratificadas, sem suporte, nem associadas de forma semelhante a outras matérias;Bolívia;2024;5311512;2931497
39201099;Outras chapas de polímeros de etileno, não reforçadas nem estratificadas, sem suporte, nem associadas de forma semelhante a outras matérias;Bolívia;2025;4351542;2544568
39201099;Outras chapas de polímeros de etileno, não reforçadas nem estratificadas, sem suporte, nem associadas de forma semelhante a outras matérias;Burkina Faso;2021;14;0
39201099;Outras chapas de polímeros de etileno, não reforçadas nem estratificadas, sem suporte, nem associadas de forma semelhante a outras matérias;Bélgica;2021;10;0
39201099;Outras chapas de polímeros de etileno, não reforçadas nem estratificadas, sem suporte, nem associadas de forma semelhante a outras matérias;Bélgica;2022;1941;337
39201099;Outras chapas de polímeros de etileno, não reforçadas nem estratificadas, sem suporte, nem associadas de forma semelhante a outras matérias;Bélgica;2023;3258;614
39201099;Outras chapas de polímeros de etileno, não reforçadas nem estratificadas, sem suporte, nem associadas de forma semelhante a outras matérias;Bélgica;2024;80;1
39201099;Outras chapas de polímeros de etileno, não reforçadas nem estratificadas, sem suporte, nem associadas de forma semelhante a outras matérias;Bélgica;2025;96;234
39201099;Outras chapas de polímeros de etileno, não reforçadas nem estratificadas, sem suporte, nem associadas de forma semelhante a outras matérias;Cabo Verde;2023;9;0
39201099;Outras chapas de polímeros de etileno, não reforçadas nem estratificadas, sem suporte, nem associadas de forma semelhante a outras matérias;Cabo Verde;2024;175;33
39201099;Outras chapas de polímeros de etileno, não reforçadas nem estratificadas, sem suporte, nem associadas de forma semelhante a outras matérias;Camarões;2022;664;7
39201099;Outras chapas de polímeros de etileno, não reforçadas nem estratificadas, sem suporte, nem associadas de forma semelhante a outras matérias;Canadá;2021;1428010;658006
39201099;Outras chapas de polímeros de etileno, não reforçadas nem estratificadas, sem suporte, nem associadas de forma semelhante a outras matérias;Canadá;2022;928355;402147
39201099;Outras chapas de polímeros de etileno, não reforçadas nem estratificadas, sem suporte, nem associadas de forma semelhante a outras matérias;Canadá;2023;430474;210309
39201099;Outras chapas de polímeros de etileno, não reforçadas nem estratificadas, sem suporte, nem associadas de forma semelhante a outras matérias;Canadá;2024;51894;37407
39201099;Outras chapas de polímeros de etileno, não reforçadas nem estratificadas, sem suporte, nem associadas de forma semelhante a outras matérias;Canadá;2025;126;69
39201099;Outras chapas de polímeros de etileno, não reforçadas nem estratificadas, sem suporte, nem associadas de forma semelhante a outras matérias;Catar;2022;271;13
39201099;Outras chapas de polímeros de etileno, não reforçadas nem estratificadas, sem suporte, nem associadas de forma semelhante a outras matérias;Catar;2023;6903;362
39201099;Outras chapas de polímeros de etileno, não reforçadas nem estratificadas, sem suporte, nem associadas de forma semelhante a outras matérias;Cayman, Ilhas;2024;32;0
39201099;Outras chapas de polímeros de etileno, não reforçadas nem estratificadas, sem suporte, nem associadas de forma semelhante a outras matérias;Chile;2021;28350146;10773876
39201099;Outras chapas de polímeros de etileno, não reforçadas nem estratificadas, sem suporte, nem associadas de forma semelhante a outras matérias;Chile;2022;33301653;12676522
39201099;Outras chapas de polímeros de etileno, não reforçadas nem estratificadas, sem suporte, nem associadas de forma semelhante a outras matérias;Chile;2023;21280359;8939778
39201099;Outras chapas de polímeros de etileno, não reforçadas nem estratificadas, sem suporte, nem associadas de forma semelhante a outras matérias;Chile;2024;22941746;10008990
39201099;Outras chapas de polímeros de etileno, não reforçadas nem estratificadas, sem suporte, nem associadas de forma semelhante a outras matérias;Chile;2025;25451492;11889121
39201099;Outras chapas de polímeros de etileno, não reforçadas nem estratificadas, sem suporte, nem associadas de forma semelhante a outras matérias;China;2021;708564;88746
39201099;Outras chapas de polímeros de etileno, não reforçadas nem estratificadas, sem suporte, nem associadas de forma semelhante a outras matérias;China;2022;818444;74779
39201099;Outras chapas de polímeros de etileno, não reforçadas nem estratificadas, sem suporte, nem associadas de forma semelhante a outras matérias;China;2023;488377;45881
39201099;Outras chapas de polímeros de etileno, não reforçadas nem estratificadas, sem suporte, nem associadas de forma semelhante a outras matérias;China;2024;883590;65573
39201099;Outras chapas de polímeros de etileno, não reforçadas nem estratificadas, sem suporte, nem associadas de forma semelhante a outras matérias;China;2025;757834;61110
39201099;Outras chapas de polímeros de etileno, não reforçadas nem estratificadas, sem suporte, nem associadas de forma semelhante a outras matérias;Chipre;2021;294;7
39201099;Outras chapas de polímeros de etileno, não reforçadas nem estratificadas, sem suporte, nem associadas de forma semelhante a outras matérias;Chipre;2022;252;113
39201099;Outras chapas de polímeros de etileno, não reforçadas nem estratificadas, sem suporte, nem associadas de forma semelhante a outras matérias;Chipre;2023;288;7
39201099;Outras chapas de polímeros de etileno, não reforçadas nem estratificadas, sem suporte, nem associadas de forma semelhante a outras matérias;Chipre;2024;39;6
39201099;Outras chapas de polímeros de etileno, não reforçadas nem estratificadas, sem suporte, nem associadas de forma semelhante a outras matérias;Chipre;2025;1167;16
39201099;Outras chapas de polímeros de etileno, não reforçadas nem estratificadas, sem suporte, nem associadas de forma semelhante a outras matérias;Colômbia;2021;16422685;7214997
39201099;Outras chapas de polímeros de etileno, não reforçadas nem estratificadas, sem suporte, nem associadas de forma semelhante a outras matérias;Colômbia;2022;21346650;8809109
39201099;Outras chapas de polímeros de etileno, não reforçadas nem estratificadas, sem suporte, nem associadas de forma semelhante a outras matérias;Colômbia;2023;14400005;7173227
39201099;Outras chapas de polímeros de etileno, não reforçadas nem estratificadas, sem suporte, nem associadas de forma semelhante a outras matérias;Colômbia;2024;14529987;7681658
39201099;Outras chapas de polímeros de etileno, não reforçadas nem estratificadas, sem suporte, nem associadas de forma semelhante a outras matérias;Colômbia;2025;10620820;5636872
39201099;Outras chapas de polímeros de etileno, não reforçadas nem estratificadas, sem suporte, nem associadas de forma semelhante a outras matérias;Congo;2021;1367;52
39201099;Outras chapas de polímeros de etileno, não reforçadas nem estratificadas, sem suporte, nem associadas de forma semelhante a outras matérias;Congo;2022;16711;5000
39201099;Outras chapas de polímeros de etileno, não reforçadas nem estratificadas, sem suporte, nem associadas de forma semelhante a outras matérias;Congo;2023;2877;321
39201099;Outras chapas de polímeros de etileno, não reforçadas nem estratificadas, sem suporte, nem associadas de forma semelhante a outras matérias;Congo;2024;10;0
39201099;Outras chapas de polímeros de etileno, não reforçadas nem estratificadas, sem suporte, nem associadas de forma semelhante a outras matérias;Congo;2025;1349;58
39201099;Outras chapas de polímeros de etileno, não reforçadas nem estratificadas, sem suporte, nem associadas de forma semelhante a outras matérias;Congo, República Democrática;2023;67568;9231
39201099;Outras chapas de polímeros de etileno, não reforçadas nem estratificadas, sem suporte, nem associadas de forma semelhante a outras matérias;Coreia do Sul;2021;83949;3074
39201099;Outras chapas de polímeros de etileno, não reforçadas nem estratificadas, sem suporte, nem associadas de forma semelhante a outras matérias;Coreia do Sul;2022;57693;2143
39201099;Outras chapas de polímeros de etileno, não reforçadas nem estratificadas, sem suporte, nem associadas de forma semelhante a outras matérias;Coreia do Sul;2023;115022;3982
39201099;Outras chapas de polímeros de etileno, não reforçadas nem estratificadas, sem suporte, nem associadas de forma semelhante a outras matérias;Coreia do Sul;2024;71656;2534
39201099;Outras chapas de polímeros de etileno, não reforçadas nem estratificadas, sem suporte, nem associadas de forma semelhante a outras matérias;Coreia do Sul;2025;23542;816
39201099;Outras chapas de polímeros de etileno, não reforçadas nem estratificadas, sem suporte, nem associadas de forma semelhante a outras matérias;Costa Rica;2021;1509427;538693
39201099;Outras chapas de polímeros de etileno, não reforçadas nem estratificadas, sem suporte, nem associadas de forma semelhante a outras matérias;Costa Rica;2022;2993127;713022
39201099;Outras chapas de polímeros de etileno, não reforçadas nem estratificadas, sem suporte, nem associadas de forma semelhante a outras matérias;Costa Rica;2023;2562006;718139
39201099;Outras chapas de polímeros de etileno, não reforçadas nem estratificadas, sem suporte, nem associadas de forma semelhante a outras matérias;Costa Rica;2024;1085425;421411
39201099;Outras chapas de polímeros de etileno, não reforçadas nem estratificadas, sem suporte, nem associadas de forma semelhante a outras matérias;Costa Rica;2025;505748;271357
39201099;Outras chapas de polímeros de etileno, não reforçadas nem estratificadas, sem suporte, nem associadas de forma semelhante a outras matérias;Costa do Marfim;2025;3;0
39201099;Outras chapas de polímeros de etileno, não reforçadas nem estratificadas, sem suporte, nem associadas de forma semelhante a outras matérias;Cuba;2021;718092;295228
39201099;Outras chapas de polímeros de etileno, não reforçadas nem estratificadas, sem suporte, nem associadas de forma semelhante a outras matérias;Cuba;2022;215060;77429
39201099;Outras chapas de polímeros de etileno, não reforçadas nem estratificadas, sem suporte, nem associadas de forma semelhante a outras matérias;Cuba;2023;238515;152174
39201099;Outras chapas de polímeros de etileno, não reforçadas nem estratificadas, sem suporte, nem associadas de forma semelhante a outras matérias;Cuba;2024;101289;67108
39201099;Outras chapas de polímeros de etileno, não reforçadas nem estratificadas, sem suporte, nem associadas de forma semelhante a outras matérias;Cuba;2025;206350;117974
39201099;Outras chapas de polímeros de etileno, não reforçadas nem estratificadas, sem suporte, nem associadas de forma semelhante a outras matérias;Curaçao;2021;78;17
39201099;Outras chapas de polímeros de etileno, não reforçadas nem estratificadas, sem suporte, nem associadas de forma semelhante a outras matérias;Curaçao;2022;155;22
39201099;Outras chapas de polímeros de etileno, não reforçadas nem estratificadas, sem suporte, nem associadas de forma semelhante a outras matérias;Curaçao;2023;30;11
39201099;Outras chapas de polímeros de etileno, não reforçadas nem estratificadas, sem suporte, nem associadas de forma semelhante a outras matérias;Dinamarca;2021;168275;87425
39201099;Outras chapas de polímeros de etileno, não reforçadas nem estratificadas, sem suporte, nem associadas de forma semelhante a outras matérias;Dinamarca;2022;1790182;1073342
39201099;Outras chapas de polímeros de etileno, não reforçadas nem estratificadas, sem suporte, nem associadas de forma semelhante a outras matérias;Dinamarca;2023;597694;365492
39201099;Outras chapas de polímeros de etileno, não reforçadas nem estratificadas, sem suporte, nem associadas de forma semelhante a outras matérias;Dinamarca;2024;1348085;839714
39201099;Outras chapas de polímeros de etileno, não reforçadas nem estratificadas, sem suporte, nem associadas de forma semelhante a outras matérias;Dinamarca;2025;1374497;902886
39201099;Outras chapas de polímeros de etileno, não reforçadas nem estratificadas, sem suporte, nem associadas de forma semelhante a outras matérias;Egito;2024;3653;86
39201099;Outras chapas de polímeros de etileno, não reforçadas nem estratificadas, sem suporte, nem associadas de forma semelhante a outras matérias;El Salvador;2021;1571;6
39201099;Outras chapas de polímeros de etileno, não reforçadas nem estratificadas, sem suporte, nem associadas de forma semelhante a outras matérias;El Salvador;2022;20946;3923
39201099;Outras chapas de polímeros de etileno, não reforçadas nem estratificadas, sem suporte, nem associadas de forma semelhante a outras matérias;El Salvador;2023;42869;23932
39201099;Outras chapas de polímeros de etileno, não reforçadas nem estratificadas, sem suporte, nem associadas de forma semelhante a outras matérias;El Salvador;2024;54884;34489
39201099;Outras chapas de polímeros de etileno, não reforçadas nem estratificadas, sem suporte, nem associadas de forma semelhante a outras matérias;El Salvador;2025;3305;243
39201099;Outras chapas de polímeros de etileno, não reforçadas nem estratificadas, sem suporte, nem associadas de forma semelhante a outras matérias;Emirados Árabes Unidos;2021;492810;67358
39201099;Outras chapas de polímeros de etileno, não reforçadas nem estratificadas, sem suporte, nem associadas de forma semelhante a outras matérias;Emirados Árabes Unidos;2022;1517;19
39201099;Outras chapas de polímeros de etileno, não reforçadas nem estratificadas, sem suporte, nem associadas de forma semelhante a outras matérias;Emirados Árabes Unidos;2023;3946;190
39201099;Outras chapas de polímeros de etileno, não reforçadas nem estratificadas, sem suporte, nem associadas de forma semelhante a outras matérias;Emirados Árabes Unidos;2024;1;21
39201099;Outras chapas de polímeros de etileno, não reforçadas nem estratificadas, sem suporte, nem associadas de forma semelhante a outras matérias;Emirados Árabes Unidos;2025;777;65
39201099;Outras chapas de polímeros de etileno, não reforçadas nem estratificadas, sem suporte, nem associadas de forma semelhante a outras matérias;Equador;2021;762358;317320
39201099;Outras chapas de polímeros de etileno, não reforçadas nem estratificadas, sem suporte, nem associadas de forma semelhante a outras matérias;Equador;2022;759831;336860
39201099;Outras chapas de polímeros de etileno, não reforçadas nem estratificadas, sem suporte, nem associadas de forma semelhante a outras matérias;Equador;2023;622266;302187
39201099;Outras chapas de polímeros de etileno, não reforçadas nem estratificadas, sem suporte, nem associadas de forma semelhante a outras matérias;Equador;2024;457594;244006
39201099;Outras chapas de polímeros de etileno, não reforçadas nem estratificadas, sem suporte, nem associadas de forma semelhante a outras matérias;Equador;2025;770638;469683
39201099;Outras chapas de polímeros de etileno, não reforçadas nem estratificadas, sem suporte, nem associadas de forma semelhante a outras matérias;Espanha;2021;15235146;8984255
39201099;Outras chapas de polímeros de etileno, não reforçadas nem estratificadas, sem suporte, nem associadas de forma semelhante a outras matérias;Espanha;2022;22906816;13809712
39201099;Outras chapas de polímeros de etileno, não reforçadas nem estratificadas, sem suporte, nem associadas de forma semelhante a outras matérias;Espanha;2023;16941118;13495952
39201099;Outras chapas de polímeros de etileno, não reforçadas nem estratificadas, sem suporte, nem associadas de forma semelhante a outras matérias;Espanha;2024;13888554;11013677
39201099;Outras chapas de polímeros de etileno, não reforçadas nem estratificadas, sem suporte, nem associadas de forma semelhante a outras matérias;Espanha;2025;21314959;17068785
39201099;Outras chapas de polímeros de etileno, não reforçadas nem estratificadas, sem suporte, nem associadas de forma semelhante a outras matérias;Estados Unidos;2021;15450013;7113933
39201099;Outras chapas de polímeros de etileno, não reforçadas nem estratificadas, sem suporte, nem associadas de forma semelhante a outras matérias;Estados Unidos;2022;12435006;4743627
39201099;Outras chapas de polímeros de etileno, não reforçadas nem estratificadas, sem suporte, nem associadas de forma semelhante a outras matérias;Estados Unidos;2023;12615745;4985159
39201099;Outras chapas de polímeros de etileno, não reforçadas nem estratificadas, sem suporte, nem associadas de forma semelhante a outras matérias;Estados Unidos;2024;12851198;5055974
39201099;Outras chapas de polímeros de etileno, não reforçadas nem estratificadas, sem suporte, nem associadas de forma semelhante a outras matérias;Estados Unidos;2025;7603297;2804606
39201099;Outras chapas de polímeros de etileno, não reforçadas nem estratificadas, sem suporte, nem associadas de forma semelhante a outras matérias;Estônia;2021;312297;142967
39201099;Outras chapas de polímeros de etileno, não reforçadas nem estratificadas, sem suporte, nem associadas de forma semelhante a outras matérias;Estônia;2023;232275;133977
39201099;Outras chapas de polímeros de etileno, não reforçadas nem estratificadas, sem suporte, nem associadas de forma semelhante a outras matérias;Filipinas;2021;963;41
39201099;Outras chapas de polímeros de etileno, não reforçadas nem estratificadas, sem suporte, nem associadas de forma semelhante a outras matérias;Filipinas;2023;5847;212
39201099;Outras chapas de polímeros de etileno, não reforçadas nem estratificadas, sem suporte, nem associadas de forma semelhante a outras matérias;Filipinas;2025;3607;132
39201099;Outras chapas de polímeros de etileno, não reforçadas nem estratificadas, sem suporte, nem associadas de forma semelhante a outras matérias;Finlândia;2024;58784;42102
39201099;Outras chapas de polímeros de etileno, não reforçadas nem estratificadas, sem suporte, nem associadas de forma semelhante a outras matérias;Finlândia;2025;66803;43236
39201099;Outras chapas de polímeros de etileno, não reforçadas nem estratificadas, sem suporte, nem associadas de forma semelhante a outras matérias;França;2021;313070;158074
39201099;Outras chapas de polímeros de etileno, não reforçadas nem estratificadas, sem suporte, nem associadas de forma semelhante a outras matérias;França;2022;784;8
39201099;Outras chapas de polímeros de etileno, não reforçadas nem estratificadas, sem suporte, nem associadas de forma semelhante a outras matérias;França;2023;148075;141998
39201099;Outras chapas de polímeros de etileno, não reforçadas nem estratificadas, sem suporte, nem associadas de forma semelhante a outras matérias;França;2024;9749;4878
39201099;Outras chapas de polímeros de etileno, não reforçadas nem estratificadas, sem suporte, nem associadas de forma semelhante a outras matérias;França;2025;38113;23305
39201099;Outras chapas de polímeros de etileno, não reforçadas nem estratificadas, sem suporte, nem associadas de forma semelhante a outras matérias;Gana;2021;68;22
39201099;Outras chapas de polímeros de etileno, não reforçadas nem estratificadas, sem suporte, nem associadas de forma semelhante a outras matérias;Gana;2022;226;32
39201099;Outras chapas de polímeros de etileno, não reforçadas nem estratificadas, sem suporte, nem associadas de forma semelhante a outras matérias;Gana;2023;468;24
39201099;Outras chapas de polímeros de etileno, não reforçadas nem estratificadas, sem suporte, nem associadas de forma semelhante a outras matérias;Geórgia;2023;98;4
39201099;Outras chapas de polímeros de etileno, não reforçadas nem estratificadas, sem suporte, nem associadas de forma semelhante a outras matérias;Grécia;2021;191;24
39201099;Outras chapas de polímeros de etileno, não reforçadas nem estratificadas, sem suporte, nem associadas de forma semelhante a outras matérias;Grécia;2022;177;14
39201099;Outras chapas de polímeros de etileno, não reforçadas nem estratificadas, sem suporte, nem associadas de forma semelhante a outras matérias;Grécia;2023;468;78
39201099;Outras chapas de polímeros de etileno, não reforçadas nem estratificadas, sem suporte, nem associadas de forma semelhante a outras matérias;Grécia;2024;115;30
39201099;Outras chapas de polímeros de etileno, não reforçadas nem estratificadas, sem suporte, nem associadas de forma semelhante a outras matérias;Grécia;2025;1025;15
39201099;Outras chapas de polímeros de etileno, não reforçadas nem estratificadas, sem suporte, nem associadas de forma semelhante a outras matérias;Guatemala;2021;4595;631
39201099;Outras chapas de polímeros de etileno, não reforçadas nem estratificadas, sem suporte, nem associadas de forma semelhante a outras matérias;Guatemala;2022;3807;748
39201099;Outras chapas de polímeros de etileno, não reforçadas nem estratificadas, sem suporte, nem associadas de forma semelhante a outras matérias;Guatemala;2023;7198;1173
39201099;Outras chapas de polímeros de etileno, não reforçadas nem estratificadas, sem suporte, nem associadas de forma semelhante a outras matérias;Guatemala;2024;123542;62995
39201099;Outras chapas de polímeros de etileno, não reforçadas nem estratificadas, sem suporte, nem associadas de forma semelhante a outras matérias;Guatemala;2025;316081;137654
39201099;Outras chapas de polímeros de etileno, não reforçadas nem estratificadas, sem suporte, nem associadas de forma semelhante a outras matérias;Guiana;2021;253271;76524
39201099;Outras chapas de polímeros de etileno, não reforçadas nem estratificadas, sem suporte, nem associadas de forma semelhante a outras matérias;Guiana;2022;278330;64975
39201099;Outras chapas de polímeros de etileno, não reforçadas nem estratificadas, sem suporte, nem associadas de forma semelhante a outras matérias;Guiana;2023;252662;73250
39201099;Outras chapas de polímeros de etileno, não reforçadas nem estratificadas, sem suporte, nem associadas de forma semelhante a outras matérias;Guiana;2024;614943;155054
39201099;Outras chapas de polímeros de etileno, não reforçadas nem estratificadas, sem suporte, nem associadas de forma semelhante a outras matérias;Guiana;2025;498999;141329
39201099;Outras chapas de polímeros de etileno, não reforçadas nem estratificadas, sem suporte, nem associadas de forma semelhante a outras matérias;Guiana Francesa;2022;1738;2176
39201099;Outras chapas de polímeros de etileno, não reforçadas nem estratificadas, sem suporte, nem associadas de forma semelhante a outras matérias;Guiana Francesa;2023;814;1200
39201099;Outras chapas de polímeros de etileno, não reforçadas nem estratificadas, sem suporte, nem associadas de forma semelhante a outras matérias;Guiana Francesa;2024;10;2
39201099;Outras chapas de polímeros de etileno, não reforçadas nem estratificadas, sem suporte, nem associadas de forma semelhante a outras matérias;Guiana Francesa;2025;2382;786
39201099;Outras chapas de polímeros de etileno, não reforçadas nem estratificadas, sem suporte, nem associadas de forma semelhante a outras matérias;Guiné;2022;6544;861
39201099;Outras chapas de polímeros de etileno, não reforçadas nem estratificadas, sem suporte, nem associadas de forma semelhante a outras matérias;Haiti;2023;8652;806
39201099;Outras chapas de polímeros de etileno, não reforçadas nem estratificadas, sem suporte, nem associadas de forma semelhante a outras matérias;Honduras;2021;47259;4011
39201099;Outras chapas de polímeros de etileno, não reforçadas nem estratificadas, sem suporte, nem associadas de forma semelhante a outras matérias;Honduras;2022;6428;1417
39201099;Outras chapas de polímeros de etileno, não reforçadas nem estratificadas, sem suporte, nem associadas de forma semelhante a outras matérias;Honduras;2023;19508;13115
39201099;Outras chapas de polímeros de etileno, não reforçadas nem estratificadas, sem suporte, nem associadas de forma semelhante a outras matérias;Honduras;2024;27716;17134
39201099;Outras chapas de polímeros de etileno, não reforçadas nem estratificadas, sem suporte, nem associadas de forma semelhante a outras matérias;Honduras;2025;33;1
39201099;Outras chapas de polímeros de etileno, não reforçadas nem estratificadas, sem suporte, nem associadas de forma semelhante a outras matérias;Hong Kong;2021;638;1787
39201099;Outras chapas de polímeros de etileno, não reforçadas nem estratificadas, sem suporte, nem associadas de forma semelhante a outras matérias;Hong Kong;2022;10224;55
39201099;Outras chapas de polímeros de etileno, não reforçadas nem estratificadas, sem suporte, nem associadas de forma semelhante a outras matérias;Hong Kong;2023;502;34
39201099;Outras chapas de polímeros de etileno, não reforçadas nem estratificadas, sem suporte, nem associadas de forma semelhante a outras matérias;Hong Kong;2024;278;4
39201099;Outras chapas de polímeros de etileno, não reforçadas nem estratificadas, sem suporte, nem associadas de forma semelhante a outras matérias;Hong Kong;2025;222;6
39201099;Outras chapas de polímeros de etileno, não reforçadas nem estratificadas, sem suporte, nem associadas de forma semelhante a outras matérias;Hungria;2021;44;14
39201099;Outras chapas de polímeros de etileno, não reforçadas nem estratificadas, sem suporte, nem associadas de forma semelhante a outras matérias;Indonésia;2022;6465;559
39201099;Outras chapas de polímeros de etileno, não reforçadas nem estratificadas, sem suporte, nem associadas de forma semelhante a outras matérias;Iraque;2023;98;2
39201099;Outras chapas de polímeros de etileno, não reforçadas nem estratificadas, sem suporte, nem associadas de forma semelhante a outras matérias;Irlanda;2024;0;1
39201099;Outras chapas de polímeros de etileno, não reforçadas nem estratificadas, sem suporte, nem associadas de forma semelhante a outras matérias;Israel;2021;405739;229991
39201099;Outras chapas de polímeros de etileno, não reforçadas nem estratificadas, sem suporte, nem associadas de forma semelhante a outras matérias;Israel;2022;268686;104975
39201099;Outras chapas de polímeros de etileno, não reforçadas nem estratificadas, sem suporte, nem associadas de forma semelhante a outras matérias;Israel;2023;420480;266714
39201099;Outras chapas de polímeros de etileno, não reforçadas nem estratificadas, sem suporte, nem associadas de forma semelhante a outras matérias;Israel;2024;623610;357275
39201099;Outras chapas de polímeros de etileno, não reforçadas nem estratificadas, sem suporte, nem associadas de forma semelhante a outras matérias;Israel;2025;776629;441903
39201099;Outras chapas de polímeros de etileno, não reforçadas nem estratificadas, sem suporte, nem associadas de forma semelhante a outras matérias;Itália;2021;147449;72609
39201099;Outras chapas de polímeros de etileno, não reforçadas nem estratificadas, sem suporte, nem associadas de forma semelhante a outras matérias;Itália;2022;1525809;946187
39201099;Outras chapas de polímeros de etileno, não reforçadas nem estratificadas, sem suporte, nem associadas de forma semelhante a outras matérias;Itália;2023;747266;590869
39201099;Outras chapas de polímeros de etileno, não reforçadas nem estratificadas, sem suporte, nem associadas de forma semelhante a outras matérias;Itália;2024;98414;47096
39201099;Outras chapas de polímeros de etileno, não reforçadas nem estratificadas, sem suporte, nem associadas de forma semelhante a outras matérias;Itália;2025;27570;7193
39201099;Outras chapas de polímeros de etileno, não reforçadas nem estratificadas, sem suporte, nem associadas de forma semelhante a outras matérias;Jamaica;2021;128006;8786
39201099;Outras chapas de polímeros de etileno, não reforçadas nem estratificadas, sem suporte, nem associadas de forma semelhante a outras matérias;Jamaica;2022;109611;9391
39201099;Outras chapas de polímeros de etileno, não reforçadas nem estratificadas, sem suporte, nem associadas de forma semelhante a outras matérias;Jamaica;2023;130211;12069
39201099;Outras chapas de polímeros de etileno, não reforçadas nem estratificadas, sem suporte, nem associadas de forma semelhante a outras matérias;Jamaica;2024;95757;8006
39201099;Outras chapas de polímeros de etileno, não reforçadas nem estratificadas, sem suporte, nem associadas de forma semelhante a outras matérias;Jamaica;2025;140650;11782
39201099;Outras chapas de polímeros de etileno, não reforçadas nem estratificadas, sem suporte, nem associadas de forma semelhante a outras matérias;Japão;2021;11339;753
39201099;Outras chapas de polímeros de etileno, não reforçadas nem estratificadas, sem suporte, nem associadas de forma semelhante a outras matérias;Japão;2022;14708;1396
39201099;Outras chapas de polímeros de etileno, não reforçadas nem estratificadas, sem suporte, nem associadas de forma semelhante a outras matérias;Japão;2023;32613;3049
39201099;Outras chapas de polímeros de etileno, não reforçadas nem estratificadas, sem suporte, nem associadas de forma semelhante a outras matérias;Japão;2024;41044;1737
39201099;Outras chapas de polímeros de etileno, não reforçadas nem estratificadas, sem suporte, nem associadas de forma semelhante a outras matérias;Japão;2025;30451;964
39201099;Outras chapas de polímeros de etileno, não reforçadas nem estratificadas, sem suporte, nem associadas de forma semelhante a outras matérias;Jordânia;2023;184;18
39201099;Outras chapas de polímeros de etileno, não reforçadas nem estratificadas, sem suporte, nem associadas de forma semelhante a outras matérias;Letônia;2021;61884;23823
39201099;Outras chapas de polímeros de etileno, não reforçadas nem estratificadas, sem suporte, nem associadas de forma semelhante a outras matérias;Letônia;2023;45972;40733
39201099;Outras chapas de polímeros de etileno, não reforçadas nem estratificadas, sem suporte, nem associadas de forma semelhante a outras matérias;Letônia;2024;163129;124487
39201099;Outras chapas de polímeros de etileno, não reforçadas nem estratificadas, sem suporte, nem associadas de forma semelhante a outras matérias;Letônia;2025;512920;361368
39201099;Outras chapas de polímeros de etileno, não reforçadas nem estratificadas, sem suporte, nem associadas de forma semelhante a outras matérias;Libéria;2021;560;35
39201099;Outras chapas de polímeros de etileno, não reforçadas nem estratificadas, sem suporte, nem associadas de forma semelhante a outras matérias;Libéria;2022;75;5
39201099;Outras chapas de polímeros de etileno, não reforçadas nem estratificadas, sem suporte, nem associadas de forma semelhante a outras matérias;Libéria;2023;1489;146
39201099;Outras chapas de polímeros de etileno, não reforçadas nem estratificadas, sem suporte, nem associadas de forma semelhante a outras matérias;Libéria;2024;1589;75
39201099;Outras chapas de polímeros de etileno, não reforçadas nem estratificadas, sem suporte, nem associadas de forma semelhante a outras matérias;Libéria;2025;1598;81
39201099;Outras chapas de polímeros de etileno, não reforçadas nem estratificadas, sem suporte, nem associadas de forma semelhante a outras matérias;Luxemburgo;2022;49416;23706
39201099;Outras chapas de polímeros de etileno, não reforçadas nem estratificadas, sem suporte, nem associadas de forma semelhante a outras matérias;Madagascar;2024;23593;18947
39201099;Outras chapas de polímeros de etileno, não reforçadas nem estratificadas, sem suporte, nem associadas de forma semelhante a outras matérias;Madagascar;2025;57384;45366
39201099;Outras chapas de polímeros de etileno, não reforçadas nem estratificadas, sem suporte, nem associadas de forma semelhante a outras matérias;Malta;2021;98;32
39201099;Outras chapas de polímeros de etileno, não reforçadas nem estratificadas, sem suporte, nem associadas de forma semelhante a outras matérias;Malta;2022;1284;42
39201099;Outras chapas de polímeros de etileno, não reforçadas nem estratificadas, sem suporte, nem associadas de forma semelhante a outras matérias;Malta;2023;698;13
39201099;Outras chapas de polímeros de etileno, não reforçadas nem estratificadas, sem suporte, nem associadas de forma semelhante a outras matérias;Malta;2024;2819;6
39201099;Outras chapas de polímeros de etileno, não reforçadas nem estratificadas, sem suporte, nem associadas de forma semelhante a outras matérias;Malta;2025;382;10
39201099;Outras chapas de polímeros de etileno, não reforçadas nem estratificadas, sem suporte, nem associadas de forma semelhante a outras matérias;Malásia;2021;33365;1119
39201099;Outras chapas de polímeros de etileno, não reforçadas nem estratificadas, sem suporte, nem associadas de forma semelhante a outras matérias;Malásia;2022;10406;375
39201099;Outras chapas de polímeros de etileno, não reforçadas nem estratificadas, sem suporte, nem associadas de forma semelhante a outras matérias;Malásia;2023;26788;962
39201099;Outras chapas de polímeros de etileno, não reforçadas nem estratificadas, sem suporte, nem associadas de forma semelhante a outras matérias;Malásia;2024;53494;1831
39201099;Outras chapas de polímeros de etileno, não reforçadas nem estratificadas, sem suporte, nem associadas de forma semelhante a outras matérias;Malásia;2025;32019;727
39201099;Outras chapas de polímeros de etileno, não reforçadas nem estratificadas, sem suporte, nem associadas de forma semelhante a outras matérias;Marrocos;2022;1227;367
39201099;Outras chapas de polímeros de etileno, não reforçadas nem estratificadas, sem suporte, nem associadas de forma semelhante a outras matérias;Marrocos;2023;39456;11599
39201099;Outras chapas de polímeros de etileno, não reforçadas nem estratificadas, sem suporte, nem associadas de forma semelhante a outras matérias;Marrocos;2024;177443;46573
39201099;Outras chapas de polímeros de etileno, não reforçadas nem estratificadas, sem suporte, nem associadas de forma semelhante a outras matérias;Marrocos;2025;248926;60714
39201099;Outras chapas de polímeros de etileno, não reforçadas nem estratificadas, sem suporte, nem associadas de forma semelhante a outras matérias;Marshall, Ilhas;2021;2934;132
39201099;Outras chapas de polímeros de etileno, não reforçadas nem estratificadas, sem suporte, nem associadas de forma semelhante a outras matérias;Marshall, Ilhas;2022;1964;137
39201099;Outras chapas de polímeros de etileno, não reforçadas nem estratificadas, sem suporte, nem associadas de forma semelhante a outras matérias;Marshall, Ilhas;2023;453;25
39201099;Outras chapas de polímeros de etileno, não reforçadas nem estratificadas, sem suporte, nem associadas de forma semelhante a outras matérias;Marshall, Ilhas;2024;1105;46
39201099;Outras chapas de polímeros de etileno, não reforçadas nem estratificadas, sem suporte, nem associadas de forma semelhante a outras matérias;Marshall, Ilhas;2025;1201;49
39201099;Outras chapas de polímeros de etileno, não reforçadas nem estratificadas, sem suporte, nem associadas de forma semelhante a outras matérias;Maurício;2021;40;10
39201099;Outras chapas de polímeros de etileno, não reforçadas nem estratificadas, sem suporte, nem associadas de forma semelhante a outras matérias;Maurício;2023;2246;204
39201099;Outras chapas de polímeros de etileno, não reforçadas nem estratificadas, sem suporte, nem associadas de forma semelhante a outras matérias;Maurício;2025;64;9
39201099;Outras chapas de polímeros de etileno, não reforçadas nem estratificadas, sem suporte, nem associadas de forma semelhante a outras matérias;Montenegro;2021;69994;34735
39201099;Outras chapas de polímeros de etileno, não reforçadas nem estratificadas, sem suporte, nem associadas de forma semelhante a outras matérias;Moçambique;2022;40;1
39201099;Outras chapas de polímeros de etileno, não reforçadas nem estratificadas, sem suporte, nem associadas de forma semelhante a outras matérias;Moçambique;2023;10;14
39201099;Outras chapas de polímeros de etileno, não reforçadas nem estratificadas, sem suporte, nem associadas de forma semelhante a outras matérias;Moçambique;2024;4590;180
39201099;Outras chapas de polímeros de etileno, não reforçadas nem estratificadas, sem suporte, nem associadas de forma semelhante a outras matérias;México;2021;13074634;6248809
39201099;Outras chapas de polímeros de etileno, não reforçadas nem estratificadas, sem suporte, nem associadas de forma semelhante a outras matérias;México;2022;17585289;8850412
39201099;Outras chapas de polímeros de etileno, não reforçadas nem estratificadas, sem suporte, nem associadas de forma semelhante a outras matérias;México;2023;12297587;6558583
39201099;Outras chapas de polímeros de etileno, não reforçadas nem estratificadas, sem suporte, nem associadas de forma semelhante a outras matérias;México;2024;9390867;3474973
39201099;Outras chapas de polímeros de etileno, não reforçadas nem estratificadas, sem suporte, nem associadas de forma semelhante a outras matérias;México;2025;6418887;2037629
39201099;Outras chapas de polímeros de etileno, não reforçadas nem estratificadas, sem suporte, nem associadas de forma semelhante a outras matérias;Nicarágua;2021;86124;39082
39201099;Outras chapas de polímeros de etileno, não reforçadas nem estratificadas, sem suporte, nem associadas de forma semelhante a outras matérias;Nicarágua;2022;22548;3529
39201099;Outras chapas de polímeros de etileno, não reforçadas nem estratificadas, sem suporte, nem associadas de forma semelhante a outras matérias;Nicarágua;2023;44381;24720
39201099;Outras chapas de polímeros de etileno, não reforçadas nem estratificadas, sem suporte, nem associadas de forma semelhante a outras matérias;Nicarágua;2024;17331;3447
39201099;Outras chapas de polímeros de etileno, não reforçadas nem estratificadas, sem suporte, nem associadas de forma semelhante a outras matérias;Nicarágua;2025;3704;291
39201099;Outras chapas de polímeros de etileno, não reforçadas nem estratificadas, sem suporte, nem associadas de forma semelhante a outras matérias;Nigéria;2021;1247;625
39201099;Outras chapas de polímeros de etileno, não reforçadas nem estratificadas, sem suporte, nem associadas de forma semelhante a outras matérias;Nigéria;2024;482;257
39201099;Outras chapas de polímeros de etileno, não reforçadas nem estratificadas, sem suporte, nem associadas de forma semelhante a outras matérias;Noruega;2022;4827;324
39201099;Outras chapas de polímeros de etileno, não reforçadas nem estratificadas, sem suporte, nem associadas de forma semelhante a outras matérias;Noruega;2023;204;1
39201099;Outras chapas de polímeros de etileno, não reforçadas nem estratificadas, sem suporte, nem associadas de forma semelhante a outras matérias;Noruega;2025;417;13
39201099;Outras chapas de polímeros de etileno, não reforçadas nem estratificadas, sem suporte, nem associadas de forma semelhante a outras matérias;Omã;2024;180;17
39201099;Outras chapas de polímeros de etileno, não reforçadas nem estratificadas, sem suporte, nem associadas de forma semelhante a outras matérias;Panamá;2021;177602;71097
39201099;Outras chapas de polímeros de etileno, não reforçadas nem estratificadas, sem suporte, nem associadas de forma semelhante a outras matérias;Panamá;2022;97366;40933
39201099;Outras chapas de polímeros de etileno, não reforçadas nem estratificadas, sem suporte, nem associadas de forma semelhante a outras matérias;Panamá;2023;38213;21674
39201099;Outras chapas de polímeros de etileno, não reforçadas nem estratificadas, sem suporte, nem associadas de forma semelhante a outras matérias;Panamá;2024;84685;42363
39201099;Outras chapas de polímeros de etileno, não reforçadas nem estratificadas, sem suporte, nem associadas de forma semelhante a outras matérias;Panamá;2025;277151;131284
39201099;Outras chapas de polímeros de etileno, não reforçadas nem estratificadas, sem suporte, nem associadas de forma semelhante a outras matérias;Paquistão;2025;25093;1011
39201099;Outras chapas de polímeros de etileno, não reforçadas nem estratificadas, sem suporte, nem associadas de forma semelhante a outras matérias;Paraguai;2021;10204055;4659684
39201099;Outras chapas de polímeros de etileno, não reforçadas nem estratificadas, sem suporte, nem associadas de forma semelhante a outras matérias;Paraguai;2022;11713563;4743523
39201099;Outras chapas de polímeros de etileno, não reforçadas nem estratificadas, sem suporte, nem associadas de forma semelhante a outras matérias;Paraguai;2023;10977029;4929984
39201099;Outras chapas de polímeros de etileno, não reforçadas nem estratificadas, sem suporte, nem associadas de forma semelhante a outras matérias;Paraguai;2024;11871023;5314519
39201099;Outras chapas de polímeros de etileno, não reforçadas nem estratificadas, sem suporte, nem associadas de forma semelhante a outras matérias;Paraguai;2025;10940982;4846008
39201099;Outras chapas de polímeros de etileno, não reforçadas nem estratificadas, sem suporte, nem associadas de forma semelhante a outras matérias;Países Baixos (Holanda);2021;216;58
39201099;Outras chapas de polímeros de etileno, não reforçadas nem estratificadas, sem suporte, nem associadas de forma semelhante a outras matérias;Países Baixos (Holanda);2022;2683;667
39201099;Outras chapas de polímeros de etileno, não reforçadas nem estratificadas, sem suporte, nem associadas de forma semelhante a outras matérias;Países Baixos (Holanda);2023;361;112
39201099;Outras chapas de polímeros de etileno, não reforçadas nem estratificadas, sem suporte, nem associadas de forma semelhante a outras matérias;Países Baixos (Holanda);2024;44413;15682
39201099;Outras chapas de polímeros de etileno, não reforçadas nem estratificadas, sem suporte, nem associadas de forma semelhante a outras matérias;Países Baixos (Holanda);2025;15047;525
39201099;Outras chapas de polímeros de etileno, não reforçadas nem estratificadas, sem suporte, nem associadas de forma semelhante a outras matérias;Peru;2021;5443271;1753999
39201099;Outras chapas de polímeros de etileno, não reforçadas nem estratificadas, sem suporte, nem associadas de forma semelhante a outras matérias;Peru;2022;5442848;1258013
39201099;Outras chapas de polímeros de etileno, não reforçadas nem estratificadas, sem suporte, nem associadas de forma semelhante a outras matérias;Peru;2023;7784074;2551365
39201099;Outras chapas de polímeros de etileno, não reforçadas nem estratificadas, sem suporte, nem associadas de forma semelhante a outras matérias;Peru;2024;6218611;1838035
39201099;Outras chapas de polímeros de etileno, não reforçadas nem estratificadas, sem suporte, nem associadas de forma semelhante a outras matérias;Peru;2025;4317454;1514128
39201099;Outras chapas de polímeros de etileno, não reforçadas nem estratificadas, sem suporte, nem associadas de forma semelhante a outras matérias;Polônia;2023;72611;72267
39201099;Outras chapas de polímeros de etileno, não reforçadas nem estratificadas, sem suporte, nem associadas de forma semelhante a outras matérias;Polônia;2025;63301;47039
39201099;Outras chapas de polímeros de etileno, não reforçadas nem estratificadas, sem suporte, nem associadas de forma semelhante a outras matérias;Porto Rico;2021;800642;391103
39201099;Outras chapas de polímeros de etileno, não reforçadas nem estratificadas, sem suporte, nem associadas de forma semelhante a outras matérias;Porto Rico;2022;296518;143962
39201099;Outras chapas de polímeros de etileno, não reforçadas nem estratificadas, sem suporte, nem associadas de forma semelhante a outras matérias;Porto Rico;2023;278176;166302
39201099;Outras chapas de polímeros de etileno, não reforçadas nem estratificadas, sem suporte, nem associadas de forma semelhante a outras matérias;Porto Rico;2024;482096;282868
39201099;Outras chapas de polímeros de etileno, não reforçadas nem estratificadas, sem suporte, nem associadas de forma semelhante a outras matérias;Porto Rico;2025;190528;113042
39201099;Outras chapas de polímeros de etileno, não reforçadas nem estratificadas, sem suporte, nem associadas de forma semelhante a outras matérias;Portugal;2021;18770;3211
39201099;Outras chapas de polímeros de etileno, não reforçadas nem estratificadas, sem suporte, nem associadas de forma semelhante a outras matérias;Portugal;2022;482910;265886
39201099;Outras chapas de polímeros de etileno, não reforçadas nem estratificadas, sem suporte, nem associadas de forma semelhante a outras matérias;Portugal;2023;629100;401518
39201099;Outras chapas de polímeros de etileno, não reforçadas nem estratificadas, sem suporte, nem associadas de forma semelhante a outras matérias;Portugal;2024;380711;242900
39201099;Outras chapas de polímeros de etileno, não reforçadas nem estratificadas, sem suporte, nem associadas de forma semelhante a outras matérias;Portugal;2025;452342;290901
39201099;Outras chapas de polímeros de etileno, não reforçadas nem estratificadas, sem suporte, nem associadas de forma semelhante a outras matérias;Reino Unido;2021;16953;2970
39201099;Outras chapas de polímeros de etileno, não reforçadas nem estratificadas, sem suporte, nem associadas de forma semelhante a outras matérias;Reino Unido;2022;1859;318
39201099;Outras chapas de polímeros de etileno, não reforçadas nem estratificadas, sem suporte, nem associadas de forma semelhante a outras matérias;Reino Unido;2023;112;1
39201099;Outras chapas de polímeros de etileno, não reforçadas nem estratificadas, sem suporte, nem associadas de forma semelhante a outras matérias;Reino Unido;2024;1611;189
39201099;Outras chapas de polímeros de etileno, não reforçadas nem estratificadas, sem suporte, nem associadas de forma semelhante a outras matérias;Reino Unido;2025;39042;23199
39201099;Outras chapas de polímeros de etileno, não reforçadas nem estratificadas, sem suporte, nem associadas de forma semelhante a outras matérias;República Dominicana;2021;947743;462213
39201099;Outras chapas de polímeros de etileno, não reforçadas nem estratificadas, sem suporte, nem associadas de forma semelhante a outras matérias;República Dominicana;2022;697887;304572
39201099;Outras chapas de polímeros de etileno, não reforçadas nem estratificadas, sem suporte, nem associadas de forma semelhante a outras matérias;República Dominicana;2023;235438;99190
39201099;Outras chapas de polímeros de etileno, não reforçadas nem estratificadas, sem suporte, nem associadas de forma semelhante a outras matérias;República Dominicana;2024;456807;261165
39201099;Outras chapas de polímeros de etileno, não reforçadas nem estratificadas, sem suporte, nem associadas de forma semelhante a outras matérias;República Dominicana;2025;256607;153996
39201099;Outras chapas de polímeros de etileno, não reforçadas nem estratificadas, sem suporte, nem associadas de forma semelhante a outras matérias;Romênia;2021;658;36
39201099;Outras chapas de polímeros de etileno, não reforçadas nem estratificadas, sem suporte, nem associadas de forma semelhante a outras matérias;Ruanda;2023;1505;80
39201099;Outras chapas de polímeros de etileno, não reforçadas nem estratificadas, sem suporte, nem associadas de forma semelhante a outras matérias;Rússia;2021;1921019;956679
39201099;Outras chapas de polímeros de etileno, não reforçadas nem estratificadas, sem suporte, nem associadas de forma semelhante a outras matérias;Rússia;2022;688006;356086
39201099;Outras chapas de polímeros de etileno, não reforçadas nem estratificadas, sem suporte, nem associadas de forma semelhante a outras matérias;Rússia;2023;963396;622573
39201099;Outras chapas de polímeros de etileno, não reforçadas nem estratificadas, sem suporte, nem associadas de forma semelhante a outras matérias;Rússia;2024;979716;616300
39201099;Outras chapas de polímeros de etileno, não reforçadas nem estratificadas, sem suporte, nem associadas de forma semelhante a outras matérias;Rússia;2025;3313271;2172827
39201099;Outras chapas de polímeros de etileno, não reforçadas nem estratificadas, sem suporte, nem associadas de forma semelhante a outras matérias;Singapura;2021;12036;492
39201099;Outras chapas de polímeros de etileno, não reforçadas nem estratificadas, sem suporte, nem associadas de forma semelhante a outras matérias;Singapura;2022;4897;170
39201099;Outras chapas de polímeros de etileno, não reforçadas nem estratificadas, sem suporte, nem associadas de forma semelhante a outras matérias;Singapura;2023;18491;658
39201099;Outras chapas de polímeros de etileno, não reforçadas nem estratificadas, sem suporte, nem associadas de forma semelhante a outras matérias;Singapura;2024;28158;1514
39201099;Outras chapas de polímeros de etileno, não reforçadas nem estratificadas, sem suporte, nem associadas de forma semelhante a outras matérias;Singapura;2025;83441;5126
39201099;Outras chapas de polímeros de etileno, não reforçadas nem estratificadas, sem suporte, nem associadas de forma semelhante a outras matérias;Sudão;2021;158797;21600
39201099;Outras chapas de polímeros de etileno, não reforçadas nem estratificadas, sem suporte, nem associadas de forma semelhante a outras matérias;Suriname;2021;74700;18683
39201099;Outras chapas de polímeros de etileno, não reforçadas nem estratificadas, sem suporte, nem associadas de forma semelhante a outras matérias;Suriname;2022;1263;108
39201099;Outras chapas de polímeros de etileno, não reforçadas nem estratificadas, sem suporte, nem associadas de forma semelhante a outras matérias;Suriname;2023;126845;39084
39201099;Outras chapas de polímeros de etileno, não reforçadas nem estratificadas, sem suporte, nem associadas de forma semelhante a outras matérias;Suriname;2024;46627;16015
39201099;Outras chapas de polímeros de etileno, não reforçadas nem estratificadas, sem suporte, nem associadas de forma semelhante a outras matérias;Suriname;2025;38390;13512
39201099;Outras chapas de polímeros de etileno, não reforçadas nem estratificadas, sem suporte, nem associadas de forma semelhante a outras matérias;Suécia;2021;10692;3824
39201099;Outras chapas de polímeros de etileno, não reforçadas nem estratificadas, sem suporte, nem associadas de forma semelhante a outras matérias;Suíça;2021;395;80
39201099;Outras chapas de polímeros de etileno, não reforçadas nem estratificadas, sem suporte, nem associadas de forma semelhante a outras matérias;Suíça;2023;0;54
39201099;Outras chapas de polímeros de etileno, não reforçadas nem estratificadas, sem suporte, nem associadas de forma semelhante a outras matérias;Suíça;2024;4513;371
39201099;Outras chapas de polímeros de etileno, não reforçadas nem estratificadas, sem suporte, nem associadas de forma semelhante a outras matérias;Suíça;2025;96;133
39201099;Outras chapas de polímeros de etileno, não reforçadas nem estratificadas, sem suporte, nem associadas de forma semelhante a outras matérias;São Vicente e Granadinas;2022;23;1
39201099;Outras chapas de polímeros de etileno, não reforçadas nem estratificadas, sem suporte, nem associadas de forma semelhante a outras matérias;São Vicente e Granadinas;2024;23;4
39201099;Outras chapas de polímeros de etileno, não reforçadas nem estratificadas, sem suporte, nem associadas de forma semelhante a outras matérias;Tailândia;2021;4263;173
39201099;Outras chapas de polímeros de etileno, não reforçadas nem estratificadas, sem suporte, nem associadas de forma semelhante a outras matérias;Tailândia;2022;6395;441
39201099;Outras chapas de polímeros de etileno, não reforçadas nem estratificadas, sem suporte, nem associadas de forma semelhante a outras matérias;Tailândia;2023;1354;44
39201099;Outras chapas de polímeros de etileno, não reforçadas nem estratificadas, sem suporte, nem associadas de forma semelhante a outras matérias;Tailândia;2024;1168;43
39201099;Outras chapas de polímeros de etileno, não reforçadas nem estratificadas, sem suporte, nem associadas de forma semelhante a outras matérias;Tailândia;2025;3857;142
39201099;Outras chapas de polímeros de etileno, não reforçadas nem estratificadas, sem suporte, nem associadas de forma semelhante a outras matérias;Taiwan (Formosa);2021;35800;1388
39201099;Outras chapas de polímeros de etileno, não reforçadas nem estratificadas, sem suporte, nem associadas de forma semelhante a outras matérias;Taiwan (Formosa);2022;11867;491
39201099;Outras chapas de polímeros de etileno, não reforçadas nem estratificadas, sem suporte, nem associadas de forma semelhante a outras matérias;Taiwan (Formosa);2023;12324;507
39201099;Outras chapas de polímeros de etileno, não reforçadas nem estratificadas, sem suporte, nem associadas de forma semelhante a outras matérias;Taiwan (Formosa);2024;18873;678
39201099;Outras chapas de polímeros de etileno, não reforçadas nem estratificadas, sem suporte, nem associadas de forma semelhante a outras matérias;Taiwan (Formosa);2025;46885;1774
39201099;Outras chapas de polímeros de etileno, não reforçadas nem estratificadas, sem suporte, nem associadas de forma semelhante a outras matérias;Tcheca, República;2025;47076;1468
39201099;Outras chapas de polímeros de etileno, não reforçadas nem estratificadas, sem suporte, nem associadas de forma semelhante a outras matérias;Trinidad e Tobago;2021;1296495;522035
39201099;Outras chapas de polímeros de etileno, não reforçadas nem estratificadas, sem suporte, nem associadas de forma semelhante a outras matérias;Trinidad e Tobago;2022;1368825;605899
39201099;Outras chapas de polímeros de etileno, não reforçadas nem estratificadas, sem suporte, nem associadas de forma semelhante a outras matérias;Trinidad e Tobago;2023;1753613;845277
39201099;Outras chapas de polímeros de etileno, não reforçadas nem estratificadas, sem suporte, nem associadas de forma semelhante a outras matérias;Trinidad e Tobago;2024;1445535;696515
39201099;Outras chapas de polímeros de etileno, não reforçadas nem estratificadas, sem suporte, nem associadas de forma semelhante a outras matérias;Trinidad e Tobago;2025;922830;434068
39201099;Outras chapas de polímeros de etileno, não reforçadas nem estratificadas, sem suporte, nem associadas de forma semelhante a outras matérias;Turcomenistão;2022;93;0
39201099;Outras chapas de polímeros de etileno, não reforçadas nem estratificadas, sem suporte, nem associadas de forma semelhante a outras matérias;Turquia;2021;23;14
39201099;Outras chapas de polímeros de etileno, não reforçadas nem estratificadas, sem suporte, nem associadas de forma semelhante a outras matérias;Turquia;2022;532;653
39201099;Outras chapas de polímeros de etileno, não reforçadas nem estratificadas, sem suporte, nem associadas de forma semelhante a outras matérias;Turquia;2023;3;0
39201099;Outras chapas de polímeros de etileno, não reforçadas nem estratificadas, sem suporte, nem associadas de forma semelhante a outras matérias;Turquia;2024;439035;88642
39201099;Outras chapas de polímeros de etileno, não reforçadas nem estratificadas, sem suporte, nem associadas de forma semelhante a outras matérias;Turquia;2025;221431;43423
39201099;Outras chapas de polímeros de etileno, não reforçadas nem estratificadas, sem suporte, nem associadas de forma semelhante a outras matérias;Uruguai;2021;12195635;5274600
39201099;Outras chapas de polímeros de etileno, não reforçadas nem estratificadas, sem suporte, nem associadas de forma semelhante a outras matérias;Uruguai;2022;14136259;6380850
39201099;Outras chapas de polímeros de etileno, não reforçadas nem estratificadas, sem suporte, nem associadas de forma semelhante a outras matérias;Uruguai;2023;12760635;6487570
39201099;Outras chapas de polímeros de etileno, não reforçadas nem estratificadas, sem suporte, nem associadas de forma semelhante a outras matérias;Uruguai;2024;14703307;6974843
39201099;Outras chapas de polímeros de etileno, não reforçadas nem estratificadas, sem suporte, nem associadas de forma semelhante a outras matérias;Uruguai;2025;14920702;7619782
39201099;Outras chapas de polímeros de etileno, não reforçadas nem estratificadas, sem suporte, nem associadas de forma semelhante a outras matérias;Venezuela;2021;377712;70738
39201099;Outras chapas de polímeros de etileno, não reforçadas nem estratificadas, sem suporte, nem associadas de forma semelhante a outras matérias;Venezuela;2022;628233;83640
39201099;Outras chapas de polímeros de etileno, não reforçadas nem estratificadas, sem suporte, nem associadas de forma semelhante a outras matérias;Venezuela;2023;530894;81765
39201099;Outras chapas de polímeros de etileno, não reforçadas nem estratificadas, sem suporte, nem associadas de forma semelhante a outras matérias;Venezuela;2024;821526;185587
39201099;Outras chapas de polímeros de etileno, não reforçadas nem estratificadas, sem suporte, nem associadas de forma semelhante a outras matérias;Venezuela;2025;1612709;587071
39201099;Outras chapas de polímeros de etileno, não reforçadas nem estratificadas, sem suporte, nem associadas de forma semelhante a outras matérias;Vietnã;2021;2748;103
39201099;Outras chapas de polímeros de etileno, não reforçadas nem estratificadas, sem suporte, nem associadas de forma semelhante a outras matérias;Vietnã;2023;18299;1593
39201099;Outras chapas de polímeros de etileno, não reforçadas nem estratificadas, sem suporte, nem associadas de forma semelhante a outras matérias;Vietnã;2024;5;0
39201099;Outras chapas de polímeros de etileno, não reforçadas nem estratificadas, sem suporte, nem associadas de forma semelhante a outras matérias;Zâmbia;2021;360;4
39201099;Outras chapas de polímeros de etileno, não reforçadas nem estratificadas, sem suporte, nem associadas de forma semelhante a outras matérias;África do Sul;2021;717987;212293
39201099;Outras chapas de polímeros de etileno, não reforçadas nem estratificadas, sem suporte, nem associadas de forma semelhante a outras matérias;África do Sul;2022;572063;173556
39201099;Outras chapas de polímeros de etileno, não reforçadas nem estratificadas, sem suporte, nem associadas de forma semelhante a outras matérias;África do Sul;2023;330735;124117
39201099;Outras chapas de polímeros de etileno, não reforçadas nem estratificadas, sem suporte, nem associadas de forma semelhante a outras matérias;África do Sul;2024;365920;123202
39201099;Outras chapas de polímeros de etileno, não reforçadas nem estratificadas, sem suporte, nem associadas de forma semelhante a outras matérias;África do Sul;2025;253000;90694
39201099;Outras chapas de polímeros de etileno, não reforçadas nem estratificadas, sem suporte, nem associadas de forma semelhante a outras matérias;Áustria;2021;371328;55144
39201099;Outras chapas de polímeros de etileno, não reforçadas nem estratificadas, sem suporte, nem associadas de forma semelhante a outras matérias;Áustria;2022;114956;2978
39201099;Outras chapas de polímeros de etileno, não reforçadas nem estratificadas, sem suporte, nem associadas de forma semelhante a outras matérias;Áustria;2023;795215;22656
39201099;Outras chapas de polímeros de etileno, não reforçadas nem estratificadas, sem suporte, nem associadas de forma semelhante a outras matérias;Áustria;2024;1428523;46511
39201099;Outras chapas de polímeros de etileno, não reforçadas nem estratificadas, sem suporte, nem associadas de forma semelhante a outras matérias;Áustria;2025;387325;12764
39201099;Outras chapas de polímeros de etileno, não reforçadas nem estratificadas, sem suporte, nem associadas de forma semelhante a outras matérias;Índia;2021;242291;19394
39201099;Outras chapas de polímeros de etileno, não reforçadas nem estratificadas, sem suporte, nem associadas de forma semelhante a outras matérias;Índia;2022;100500;3610
39201099;Outras chapas de polímeros de etileno, não reforçadas nem estratificadas, sem suporte, nem associadas de forma semelhante a outras matérias;Índia;2023;155197;7369
39201099;Outras chapas de polímeros de etileno, não reforçadas nem estratificadas, sem suporte, nem associadas de forma semelhante a outras matérias;Índia;2024;60769;1682
39201099;Outras chapas de polímeros de etileno, não reforçadas nem estratificadas, sem suporte, nem associadas de forma semelhante a outras matérias;Índia;2025;213045;6775
39232110;Sacos, bolsas, cartuchos, de polímeros de etileno, de capacidade inferior ou igual a 1.000 cm3;Alemanha;2021;85;3
39232110;Sacos, bolsas, cartuchos, de polímeros de etileno, de capacidade inferior ou igual a 1.000 cm3;Alemanha;2023;125;22
39232110;Sacos, bolsas, cartuchos, de polímeros de etileno, de capacidade inferior ou igual a 1.000 cm3;Alemanha;2024;120;24
39232110;Sacos, bolsas, cartuchos, de polímeros de etileno, de capacidade inferior ou igual a 1.000 cm3;Angola;2021;27740;8699
39232110;Sacos, bolsas, cartuchos, de polímeros de etileno, de capacidade inferior ou igual a 1.000 cm3;Angola;2022;10171;2118
39232110;Sacos, bolsas, cartuchos, de polímeros de etileno, de capacidade inferior ou igual a 1.000 cm3;Angola;2023;15615;68
39232110;Sacos, bolsas, cartuchos, de polímeros de etileno, de capacidade inferior ou igual a 1.000 cm3;Angola;2024;3281;525
39232110;Sacos, bolsas, cartuchos, de polímeros de etileno, de capacidade inferior ou igual a 1.000 cm3;Angola;2025;2;0
39232110;Sacos, bolsas, cartuchos, de polímeros de etileno, de capacidade inferior ou igual a 1.000 cm3;Antígua e Barbuda;2021;10;1
39232110;Sacos, bolsas, cartuchos, de polímeros de etileno, de capacidade inferior ou igual a 1.000 cm3;Antígua e Barbuda;2022;256;19
39232110;Sacos, bolsas, cartuchos, de polímeros de etileno, de capacidade inferior ou igual a 1.000 cm3;Antígua e Barbuda;2023;111;2
39232110;Sacos, bolsas, cartuchos, de polímeros de etileno, de capacidade inferior ou igual a 1.000 cm3;Antígua e Barbuda;2024;33;4
39232110;Sacos, bolsas, cartuchos, de polímeros de etileno, de capacidade inferior ou igual a 1.000 cm3;Antígua e Barbuda;2025;697;122
39232110;Sacos, bolsas, cartuchos, de polímeros de etileno, de capacidade inferior ou igual a 1.000 cm3;Argentina;2021;137752;29896
39232110;Sacos, bolsas, cartuchos, de polímeros de etileno, de capacidade inferior ou igual a 1.000 cm3;Argentina;2022;11264;2520
39232110;Sacos, bolsas, cartuchos, de polímeros de etileno, de capacidade inferior ou igual a 1.000 cm3;Argentina;2023;46829;7141
39232110;Sacos, bolsas, cartuchos, de polímeros de etileno, de capacidade inferior ou igual a 1.000 cm3;Argentina;2024;22670;6413
39232110;Sacos, bolsas, cartuchos, de polímeros de etileno, de capacidade inferior ou igual a 1.000 cm3;Argentina;2025;206356;29783
39232110;Sacos, bolsas, cartuchos, de polímeros de etileno, de capacidade inferior ou igual a 1.000 cm3;Aruba;2024;303;74
39232110;Sacos, bolsas, cartuchos, de polímeros de etileno, de capacidade inferior ou igual a 1.000 cm3;Aruba;2025;42;1
39232110;Sacos, bolsas, cartuchos, de polímeros de etileno, de capacidade inferior ou igual a 1.000 cm3;Arábia Saudita;2023;15;10
39232110;Sacos, bolsas, cartuchos, de polímeros de etileno, de capacidade inferior ou igual a 1.000 cm3;Austrália;2021;254;21
39232110;Sacos, bolsas, cartuchos, de polímeros de etileno, de capacidade inferior ou igual a 1.000 cm3;Austrália;2022;140;14
39232110;Sacos, bolsas, cartuchos, de polímeros de etileno, de capacidade inferior ou igual a 1.000 cm3;Austrália;2023;5670;42
39232110;Sacos, bolsas, cartuchos, de polímeros de etileno, de capacidade inferior ou igual a 1.000 cm3;Austrália;2025;6840;68
39232110;Sacos, bolsas, cartuchos, de polímeros de etileno, de capacidade inferior ou igual a 1.000 cm3;Bahamas;2021;1261;430
39232110;Sacos, bolsas, cartuchos, de polímeros de etileno, de capacidade inferior ou igual a 1.000 cm3;Bahamas;2022;1222;178
39232110;Sacos, bolsas, cartuchos, de polímeros de etileno, de capacidade inferior ou igual a 1.000 cm3;Bahamas;2023;1141;281
39232110;Sacos, bolsas, cartuchos, de polímeros de etileno, de capacidade inferior ou igual a 1.000 cm3;Bahamas;2024;3370;598
39232110;Sacos, bolsas, cartuchos, de polímeros de etileno, de capacidade inferior ou igual a 1.000 cm3;Bahamas;2025;4084;3069
39232110;Sacos, bolsas, cartuchos, de polímeros de etileno, de capacidade inferior ou igual a 1.000 cm3;Bangladesh;2022;13;1
39232110;Sacos, bolsas, cartuchos, de polímeros de etileno, de capacidade inferior ou igual a 1.000 cm3;Bangladesh;2024;4;0
39232110;Sacos, bolsas, cartuchos, de polímeros de etileno, de capacidade inferior ou igual a 1.000 cm3;Barbados;2022;329;41
39232110;Sacos, bolsas, cartuchos, de polímeros de etileno, de capacidade inferior ou igual a 1.000 cm3;Barbados;2023;300;78
39232110;Sacos, bolsas, cartuchos, de polímeros de etileno, de capacidade inferior ou igual a 1.000 cm3;Barbados;2024;469;77
39232110;Sacos, bolsas, cartuchos, de polímeros de etileno, de capacidade inferior ou igual a 1.000 cm3;Barbados;2025;344;13
39232110;Sacos, bolsas, cartuchos, de polímeros de etileno, de capacidade inferior ou igual a 1.000 cm3;Barein;2021;41;2
39232110;Sacos, bolsas, cartuchos, de polímeros de etileno, de capacidade inferior ou igual a 1.000 cm3;Barein;2022;113;15
39232110;Sacos, bolsas, cartuchos, de polímeros de etileno, de capacidade inferior ou igual a 1.000 cm3;Barein;2023;107;19
39232110;Sacos, bolsas, cartuchos, de polímeros de etileno, de capacidade inferior ou igual a 1.000 cm3;Belarus;2025;37;0
39232110;Sacos, bolsas, cartuchos, de polímeros de etileno, de capacidade inferior ou igual a 1.000 cm3;Belize;2022;28;6
39232110;Sacos, bolsas, cartuchos, de polímeros de etileno, de capacidade inferior ou igual a 1.000 cm3;Belize;2023;269;5
39232110;Sacos, bolsas, cartuchos, de polímeros de etileno, de capacidade inferior ou igual a 1.000 cm3;Belize;2024;83;8
39232110;Sacos, bolsas, cartuchos, de polímeros de etileno, de capacidade inferior ou igual a 1.000 cm3;Bermudas;2021;32;1
39232110;Sacos, bolsas, cartuchos, de polímeros de etileno, de capacidade inferior ou igual a 1.000 cm3;Bermudas;2022;38;30
39232110;Sacos, bolsas, cartuchos, de polímeros de etileno, de capacidade inferior ou igual a 1.000 cm3;Bolívia;2021;17846;2873
39232110;Sacos, bolsas, cartuchos, de polímeros de etileno, de capacidade inferior ou igual a 1.000 cm3;Bolívia;2022;3202;133
39232110;Sacos, bolsas, cartuchos, de polímeros de etileno, de capacidade inferior ou igual a 1.000 cm3;Bolívia;2023;39091;6548
39232110;Sacos, bolsas, cartuchos, de polímeros de etileno, de capacidade inferior ou igual a 1.000 cm3;Bolívia;2024;43608;9344
39232110;Sacos, bolsas, cartuchos, de polímeros de etileno, de capacidade inferior ou igual a 1.000 cm3;Bolívia;2025;25203;3677
39232110;Sacos, bolsas, cartuchos, de polímeros de etileno, de capacidade inferior ou igual a 1.000 cm3;Botsuana;2022;45;9
39232110;Sacos, bolsas, cartuchos, de polímeros de etileno, de capacidade inferior ou igual a 1.000 cm3;Brasil;2021;35;10
39232110;Sacos, bolsas, cartuchos, de polímeros de etileno, de capacidade inferior ou igual a 1.000 cm3;Brasil;2022;587;59
39232110;Sacos, bolsas, cartuchos, de polímeros de etileno, de capacidade inferior ou igual a 1.000 cm3;Brasil;2024;167;32
39232110;Sacos, bolsas, cartuchos, de polímeros de etileno, de capacidade inferior ou igual a 1.000 cm3;Brasil;2025;97;19
39232110;Sacos, bolsas, cartuchos, de polímeros de etileno, de capacidade inferior ou igual a 1.000 cm3;Bélgica;2022;257;64
39232110;Sacos, bolsas, cartuchos, de polímeros de etileno, de capacidade inferior ou igual a 1.000 cm3;Bélgica;2023;169;35
39232110;Sacos, bolsas, cartuchos, de polímeros de etileno, de capacidade inferior ou igual a 1.000 cm3;Bélgica;2024;4333;1413
39232110;Sacos, bolsas, cartuchos, de polímeros de etileno, de capacidade inferior ou igual a 1.000 cm3;Cabo Verde;2023;635;157
39232110;Sacos, bolsas, cartuchos, de polímeros de etileno, de capacidade inferior ou igual a 1.000 cm3;Camarões;2023;22;1
39232110;Sacos, bolsas, cartuchos, de polímeros de etileno, de capacidade inferior ou igual a 1.000 cm3;Camarões;2025;7;3
39232110;Sacos, bolsas, cartuchos, de polímeros de etileno, de capacidade inferior ou igual a 1.000 cm3;Canadá;2021;21;1
39232110;Sacos, bolsas, cartuchos, de polímeros de etileno, de capacidade inferior ou igual a 1.000 cm3;Canadá;2022;83;50
39232110;Sacos, bolsas, cartuchos, de polímeros de etileno, de capacidade inferior ou igual a 1.000 cm3;Canadá;2023;10;2
39232110;Sacos, bolsas, cartuchos, de polímeros de etileno, de capacidade inferior ou igual a 1.000 cm3;Canadá;2024;2076;53
39232110;Sacos, bolsas, cartuchos, de polímeros de etileno, de capacidade inferior ou igual a 1.000 cm3;Canadá;2025;33;3
39232110;Sacos, bolsas, cartuchos, de polímeros de etileno, de capacidade inferior ou igual a 1.000 cm3;Catar;2021;1401;202
39232110;Sacos, bolsas, cartuchos, de polímeros de etileno, de capacidade inferior ou igual a 1.000 cm3;Catar;2023;213;10
39232110;Sacos, bolsas, cartuchos, de polímeros de etileno, de capacidade inferior ou igual a 1.000 cm3;Cayman, Ilhas;2023;13;0
39232110;Sacos, bolsas, cartuchos, de polímeros de etileno, de capacidade inferior ou igual a 1.000 cm3;Cayman, Ilhas;2025;247;26
39232110;Sacos, bolsas, cartuchos, de polímeros de etileno, de capacidade inferior ou igual a 1.000 cm3;Cazaquistão;2022;1;0
39232110;Sacos, bolsas, cartuchos, de polímeros de etileno, de capacidade inferior ou igual a 1.000 cm3;Chile;2021;223308;21036
39232110;Sacos, bolsas, cartuchos, de polímeros de etileno, de capacidade inferior ou igual a 1.000 cm3;Chile;2022;394231;27923
39232110;Sacos, bolsas, cartuchos, de polímeros de etileno, de capacidade inferior ou igual a 1.000 cm3;Chile;2023;470567;74755
39232110;Sacos, bolsas, cartuchos, de polímeros de etileno, de capacidade inferior ou igual a 1.000 cm3;Chile;2024;1837157;162084
39232110;Sacos, bolsas, cartuchos, de polímeros de etileno, de capacidade inferior ou igual a 1.000 cm3;Chile;2025;1468139;148275
39232110;Sacos, bolsas, cartuchos, de polímeros de etileno, de capacidade inferior ou igual a 1.000 cm3;China;2022;200;72
39232110;Sacos, bolsas, cartuchos, de polímeros de etileno, de capacidade inferior ou igual a 1.000 cm3;China;2023;10;2
39232110;Sacos, bolsas, cartuchos, de polímeros de etileno, de capacidade inferior ou igual a 1.000 cm3;China;2024;160;20
39232110;Sacos, bolsas, cartuchos, de polímeros de etileno, de capacidade inferior ou igual a 1.000 cm3;China;2025;27;1
39232110;Sacos, bolsas, cartuchos, de polímeros de etileno, de capacidade inferior ou igual a 1.000 cm3;Chipre;2021;650;255
39232110;Sacos, bolsas, cartuchos, de polímeros de etileno, de capacidade inferior ou igual a 1.000 cm3;Chipre;2022;1859;434
39232110;Sacos, bolsas, cartuchos, de polímeros de etileno, de capacidade inferior ou igual a 1.000 cm3;Chipre;2023;1041;278
39232110;Sacos, bolsas, cartuchos, de polímeros de etileno, de capacidade inferior ou igual a 1.000 cm3;Chipre;2024;1406;255
39232110;Sacos, bolsas, cartuchos, de polímeros de etileno, de capacidade inferior ou igual a 1.000 cm3;Chipre;2025;1615;265
39232110;Sacos, bolsas, cartuchos, de polímeros de etileno, de capacidade inferior ou igual a 1.000 cm3;Colômbia;2021;57338;4079
39232110;Sacos, bolsas, cartuchos, de polímeros de etileno, de capacidade inferior ou igual a 1.000 cm3;Colômbia;2022;45404;3859
39232110;Sacos, bolsas, cartuchos, de polímeros de etileno, de capacidade inferior ou igual a 1.000 cm3;Colômbia;2023;50068;4059
39232110;Sacos, bolsas, cartuchos, de polímeros de etileno, de capacidade inferior ou igual a 1.000 cm3;Colômbia;2024;517939;43245
39232110;Sacos, bolsas, cartuchos, de polímeros de etileno, de capacidade inferior ou igual a 1.000 cm3;Colômbia;2025;1034257;88327
39232110;Sacos, bolsas, cartuchos, de polímeros de etileno, de capacidade inferior ou igual a 1.000 cm3;Congo;2022;3555;600
39232110;Sacos, bolsas, cartuchos, de polímeros de etileno, de capacidade inferior ou igual a 1.000 cm3;Congo;2023;398;53
39232110;Sacos, bolsas, cartuchos, de polímeros de etileno, de capacidade inferior ou igual a 1.000 cm3;Congo;2024;11077;857
39232110;Sacos, bolsas, cartuchos, de polímeros de etileno, de capacidade inferior ou igual a 1.000 cm3;Congo;2025;8128;691
39232110;Sacos, bolsas, cartuchos, de polímeros de etileno, de capacidade inferior ou igual a 1.000 cm3;Coreia do Sul;2021;950;1551
39232110;Sacos, bolsas, cartuchos, de polímeros de etileno, de capacidade inferior ou igual a 1.000 cm3;Coreia do Sul;2022;66;185
39232110;Sacos, bolsas, cartuchos, de polímeros de etileno, de capacidade inferior ou igual a 1.000 cm3;Coreia do Sul;2025;5453;450
39232110;Sacos, bolsas, cartuchos, de polímeros de etileno, de capacidade inferior ou igual a 1.000 cm3;Costa Rica;2021;2714;723
39232110;Sacos, bolsas, cartuchos, de polímeros de etileno, de capacidade inferior ou igual a 1.000 cm3;Costa Rica;2022;48;24
39232110;Sacos, bolsas, cartuchos, de polímeros de etileno, de capacidade inferior ou igual a 1.000 cm3;Costa Rica;2023;418;66
39232110;Sacos, bolsas, cartuchos, de polímeros de etileno, de capacidade inferior ou igual a 1.000 cm3;Costa Rica;2024;10439;844
39232110;Sacos, bolsas, cartuchos, de polímeros de etileno, de capacidade inferior ou igual a 1.000 cm3;Costa Rica;2025;3632;316
39232110;Sacos, bolsas, cartuchos, de polímeros de etileno, de capacidade inferior ou igual a 1.000 cm3;Costa do Marfim;2024;803;122
39232110;Sacos, bolsas, cartuchos, de polímeros de etileno, de capacidade inferior ou igual a 1.000 cm3;Coveite (Kuweit);2021;350;9
39232110;Sacos, bolsas, cartuchos, de polímeros de etileno, de capacidade inferior ou igual a 1.000 cm3;Coveite (Kuweit);2022;15;7
39232110;Sacos, bolsas, cartuchos, de polímeros de etileno, de capacidade inferior ou igual a 1.000 cm3;Croácia;2024;246;10
39232110;Sacos, bolsas, cartuchos, de polímeros de etileno, de capacidade inferior ou igual a 1.000 cm3;Croácia;2025;177;60
39232110;Sacos, bolsas, cartuchos, de polímeros de etileno, de capacidade inferior ou igual a 1.000 cm3;Curaçao;2021;225;33
39232110;Sacos, bolsas, cartuchos, de polímeros de etileno, de capacidade inferior ou igual a 1.000 cm3;Curaçao;2024;303;74
39232110;Sacos, bolsas, cartuchos, de polímeros de etileno, de capacidade inferior ou igual a 1.000 cm3;Curaçao;2025;2259;259
39232110;Sacos, bolsas, cartuchos, de polímeros de etileno, de capacidade inferior ou igual a 1.000 cm3;Dinamarca;2022;165;15
39232110;Sacos, bolsas, cartuchos, de polímeros de etileno, de capacidade inferior ou igual a 1.000 cm3;Dinamarca;2023;2033;331
39232110;Sacos, bolsas, cartuchos, de polímeros de etileno, de capacidade inferior ou igual a 1.000 cm3;Dinamarca;2024;351;54
39232110;Sacos, bolsas, cartuchos, de polímeros de etileno, de capacidade inferior ou igual a 1.000 cm3;Dinamarca;2025;176;39
39232110;Sacos, bolsas, cartuchos, de polímeros de etileno, de capacidade inferior ou igual a 1.000 cm3;Egito;2021;0;0
39232110;Sacos, bolsas, cartuchos, de polímeros de etileno, de capacidade inferior ou igual a 1.000 cm3;El Salvador;2021;125;2
39232110;Sacos, bolsas, cartuchos, de polímeros de etileno, de capacidade inferior ou igual a 1.000 cm3;Emirados Árabes Unidos;2021;21;5
39232110;Sacos, bolsas, cartuchos, de polímeros de etileno, de capacidade inferior ou igual a 1.000 cm3;Emirados Árabes Unidos;2022;1980;25
39232110;Sacos, bolsas, cartuchos, de polímeros de etileno, de capacidade inferior ou igual a 1.000 cm3;Emirados Árabes Unidos;2023;908;23
39232110;Sacos, bolsas, cartuchos, de polímeros de etileno, de capacidade inferior ou igual a 1.000 cm3;Emirados Árabes Unidos;2024;7;2
39232110;Sacos, bolsas, cartuchos, de polímeros de etileno, de capacidade inferior ou igual a 1.000 cm3;Equador;2021;6405;386
39232110;Sacos, bolsas, cartuchos, de polímeros de etileno, de capacidade inferior ou igual a 1.000 cm3;Equador;2022;4712;304
39232110;Sacos, bolsas, cartuchos, de polímeros de etileno, de capacidade inferior ou igual a 1.000 cm3;Equador;2023;4969;308
39232110;Sacos, bolsas, cartuchos, de polímeros de etileno, de capacidade inferior ou igual a 1.000 cm3;Equador;2025;27280;1618
39232110;Sacos, bolsas, cartuchos, de polímeros de etileno, de capacidade inferior ou igual a 1.000 cm3;Espanha;2021;283;26
39232110;Sacos, bolsas, cartuchos, de polímeros de etileno, de capacidade inferior ou igual a 1.000 cm3;Espanha;2024;9;0
39232110;Sacos, bolsas, cartuchos, de polímeros de etileno, de capacidade inferior ou igual a 1.000 cm3;Espanha;2025;5372;683
39232110;Sacos, bolsas, cartuchos, de polímeros de etileno, de capacidade inferior ou igual a 1.000 cm3;Estados Unidos;2021;40395;62633
39232110;Sacos, bolsas, cartuchos, de polímeros de etileno, de capacidade inferior ou igual a 1.000 cm3;Estados Unidos;2022;128591;28271
39232110;Sacos, bolsas, cartuchos, de polímeros de etileno, de capacidade inferior ou igual a 1.000 cm3;Estados Unidos;2023;59232;24796
39232110;Sacos, bolsas, cartuchos, de polímeros de etileno, de capacidade inferior ou igual a 1.000 cm3;Estados Unidos;2024;66499;43430
39232110;Sacos, bolsas, cartuchos, de polímeros de etileno, de capacidade inferior ou igual a 1.000 cm3;Estados Unidos;2025;160884;49342
39232110;Sacos, bolsas, cartuchos, de polímeros de etileno, de capacidade inferior ou igual a 1.000 cm3;Filipinas;2021;54;19
39232110;Sacos, bolsas, cartuchos, de polímeros de etileno, de capacidade inferior ou igual a 1.000 cm3;Filipinas;2022;25;8
39232110;Sacos, bolsas, cartuchos, de polímeros de etileno, de capacidade inferior ou igual a 1.000 cm3;Filipinas;2023;79;21
39232110;Sacos, bolsas, cartuchos, de polímeros de etileno, de capacidade inferior ou igual a 1.000 cm3;Filipinas;2024;29;8
39232110;Sacos, bolsas, cartuchos, de polímeros de etileno, de capacidade inferior ou igual a 1.000 cm3;Filipinas;2025;131;1
39232110;Sacos, bolsas, cartuchos, de polímeros de etileno, de capacidade inferior ou igual a 1.000 cm3;França;2021;1997;172
39232110;Sacos, bolsas, cartuchos, de polímeros de etileno, de capacidade inferior ou igual a 1.000 cm3;França;2022;2;78
39232110;Sacos, bolsas, cartuchos, de polímeros de etileno, de capacidade inferior ou igual a 1.000 cm3;França;2023;303;47
39232110;Sacos, bolsas, cartuchos, de polímeros de etileno, de capacidade inferior ou igual a 1.000 cm3;França;2024;1192;213
39232110;Sacos, bolsas, cartuchos, de polímeros de etileno, de capacidade inferior ou igual a 1.000 cm3;França;2025;120;10
39232110;Sacos, bolsas, cartuchos, de polímeros de etileno, de capacidade inferior ou igual a 1.000 cm3;Gabão;2023;134;50
39232110;Sacos, bolsas, cartuchos, de polímeros de etileno, de capacidade inferior ou igual a 1.000 cm3;Gabão;2024;4;0
39232110;Sacos, bolsas, cartuchos, de polímeros de etileno, de capacidade inferior ou igual a 1.000 cm3;Gibraltar;2023;16;4
39232110;Sacos, bolsas, cartuchos, de polímeros de etileno, de capacidade inferior ou igual a 1.000 cm3;Gibraltar;2025;2483;699
39232110;Sacos, bolsas, cartuchos, de polímeros de etileno, de capacidade inferior ou igual a 1.000 cm3;Grécia;2021;1581;445
39232110;Sacos, bolsas, cartuchos, de polímeros de etileno, de capacidade inferior ou igual a 1.000 cm3;Grécia;2022;835;451
39232110;Sacos, bolsas, cartuchos, de polímeros de etileno, de capacidade inferior ou igual a 1.000 cm3;Grécia;2023;541;65
39232110;Sacos, bolsas, cartuchos, de polímeros de etileno, de capacidade inferior ou igual a 1.000 cm3;Grécia;2024;1262;295
39232110;Sacos, bolsas, cartuchos, de polímeros de etileno, de capacidade inferior ou igual a 1.000 cm3;Grécia;2025;1041;204
39232110;Sacos, bolsas, cartuchos, de polímeros de etileno, de capacidade inferior ou igual a 1.000 cm3;Guatemala;2021;4551;595
39232110;Sacos, bolsas, cartuchos, de polímeros de etileno, de capacidade inferior ou igual a 1.000 cm3;Guatemala;2022;4998;308
39232110;Sacos, bolsas, cartuchos, de polímeros de etileno, de capacidade inferior ou igual a 1.000 cm3;Guatemala;2023;17075;964
39232110;Sacos, bolsas, cartuchos, de polímeros de etileno, de capacidade inferior ou igual a 1.000 cm3;Guiana;2021;35201;8750
39232110;Sacos, bolsas, cartuchos, de polímeros de etileno, de capacidade inferior ou igual a 1.000 cm3;Guiana;2022;28683;6811
39232110;Sacos, bolsas, cartuchos, de polímeros de etileno, de capacidade inferior ou igual a 1.000 cm3;Guiana;2023;31854;6548
39232110;Sacos, bolsas, cartuchos, de polímeros de etileno, de capacidade inferior ou igual a 1.000 cm3;Guiana;2024;41753;15929
39232110;Sacos, bolsas, cartuchos, de polímeros de etileno, de capacidade inferior ou igual a 1.000 cm3;Guiana;2025;5174;1344
39232110;Sacos, bolsas, cartuchos, de polímeros de etileno, de capacidade inferior ou igual a 1.000 cm3;Guiana Francesa;2021;222;30
39232110;Sacos, bolsas, cartuchos, de polímeros de etileno, de capacidade inferior ou igual a 1.000 cm3;Guiana Francesa;2022;474;164
39232110;Sacos, bolsas, cartuchos, de polímeros de etileno, de capacidade inferior ou igual a 1.000 cm3;Guiana Francesa;2023;7;3
39232110;Sacos, bolsas, cartuchos, de polímeros de etileno, de capacidade inferior ou igual a 1.000 cm3;Guiné;2022;389;10
39232110;Sacos, bolsas, cartuchos, de polímeros de etileno, de capacidade inferior ou igual a 1.000 cm3;Guiné-Bissau;2025;17;33
39232110;Sacos, bolsas, cartuchos, de polímeros de etileno, de capacidade inferior ou igual a 1.000 cm3;Haiti;2022;1219;128
39232110;Sacos, bolsas, cartuchos, de polímeros de etileno, de capacidade inferior ou igual a 1.000 cm3;Honduras;2021;30914;11038
39232110;Sacos, bolsas, cartuchos, de polímeros de etileno, de capacidade inferior ou igual a 1.000 cm3;Honduras;2022;23;0
39232110;Sacos, bolsas, cartuchos, de polímeros de etileno, de capacidade inferior ou igual a 1.000 cm3;Honduras;2023;14;0
39232110;Sacos, bolsas, cartuchos, de polímeros de etileno, de capacidade inferior ou igual a 1.000 cm3;Honduras;2024;10;0
39232110;Sacos, bolsas, cartuchos, de polímeros de etileno, de capacidade inferior ou igual a 1.000 cm3;Honduras;2025;37;6
39232110;Sacos, bolsas, cartuchos, de polímeros de etileno, de capacidade inferior ou igual a 1.000 cm3;Hong Kong;2021;368;106
39232110;Sacos, bolsas, cartuchos, de polímeros de etileno, de capacidade inferior ou igual a 1.000 cm3;Hong Kong;2022;1016;94
39232110;Sacos, bolsas, cartuchos, de polímeros de etileno, de capacidade inferior ou igual a 1.000 cm3;Hong Kong;2023;780;908
39232110;Sacos, bolsas, cartuchos, de polímeros de etileno, de capacidade inferior ou igual a 1.000 cm3;Hong Kong;2024;456;50
39232110;Sacos, bolsas, cartuchos, de polímeros de etileno, de capacidade inferior ou igual a 1.000 cm3;Hong Kong;2025;1187;118
39232110;Sacos, bolsas, cartuchos, de polímeros de etileno, de capacidade inferior ou igual a 1.000 cm3;Ilha de Man;2021;412;189
39232110;Sacos, bolsas, cartuchos, de polímeros de etileno, de capacidade inferior ou igual a 1.000 cm3;Ilha de Man;2023;88;28
39232110;Sacos, bolsas, cartuchos, de polímeros de etileno, de capacidade inferior ou igual a 1.000 cm3;Ilha de Man;2025;78;6
39232110;Sacos, bolsas, cartuchos, de polímeros de etileno, de capacidade inferior ou igual a 1.000 cm3;Indonésia;2022;247;0
39232110;Sacos, bolsas, cartuchos, de polímeros de etileno, de capacidade inferior ou igual a 1.000 cm3;Indonésia;2023;669;35
39232110;Sacos, bolsas, cartuchos, de polímeros de etileno, de capacidade inferior ou igual a 1.000 cm3;Iraque;2023;190;10
39232110;Sacos, bolsas, cartuchos, de polímeros de etileno, de capacidade inferior ou igual a 1.000 cm3;Irlanda;2021;486;25
39232110;Sacos, bolsas, cartuchos, de polímeros de etileno, de capacidade inferior ou igual a 1.000 cm3;Irlanda;2022;107;0
39232110;Sacos, bolsas, cartuchos, de polímeros de etileno, de capacidade inferior ou igual a 1.000 cm3;Irã;2025;161;35
39232110;Sacos, bolsas, cartuchos, de polímeros de etileno, de capacidade inferior ou igual a 1.000 cm3;Israel;2025;15;1
39232110;Sacos, bolsas, cartuchos, de polímeros de etileno, de capacidade inferior ou igual a 1.000 cm3;Itália;2021;2207;56
39232110;Sacos, bolsas, cartuchos, de polímeros de etileno, de capacidade inferior ou igual a 1.000 cm3;Itália;2022;3859;259
39232110;Sacos, bolsas, cartuchos, de polímeros de etileno, de capacidade inferior ou igual a 1.000 cm3;Itália;2023;7843;221
39232110;Sacos, bolsas, cartuchos, de polímeros de etileno, de capacidade inferior ou igual a 1.000 cm3;Itália;2024;7580;394
39232110;Sacos, bolsas, cartuchos, de polímeros de etileno, de capacidade inferior ou igual a 1.000 cm3;Itália;2025;2431;71
39232110;Sacos, bolsas, cartuchos, de polímeros de etileno, de capacidade inferior ou igual a 1.000 cm3;Japão;2021;3055;150
39232110;Sacos, bolsas, cartuchos, de polímeros de etileno, de capacidade inferior ou igual a 1.000 cm3;Japão;2022;5407;246
39232110;Sacos, bolsas, cartuchos, de polímeros de etileno, de capacidade inferior ou igual a 1.000 cm3;Japão;2023;5036;228
39232110;Sacos, bolsas, cartuchos, de polímeros de etileno, de capacidade inferior ou igual a 1.000 cm3;Japão;2024;4612;228
39232110;Sacos, bolsas, cartuchos, de polímeros de etileno, de capacidade inferior ou igual a 1.000 cm3;Japão;2025;3984;169
39232110;Sacos, bolsas, cartuchos, de polímeros de etileno, de capacidade inferior ou igual a 1.000 cm3;Jordânia;2024;190;10
39232110;Sacos, bolsas, cartuchos, de polímeros de etileno, de capacidade inferior ou igual a 1.000 cm3;Letônia;2025;153;31
39232110;Sacos, bolsas, cartuchos, de polímeros de etileno, de capacidade inferior ou igual a 1.000 cm3;Libéria;2021;2292;472
39232110;Sacos, bolsas, cartuchos, de polímeros de etileno, de capacidade inferior ou igual a 1.000 cm3;Libéria;2022;4271;906
39232110;Sacos, bolsas, cartuchos, de polímeros de etileno, de capacidade inferior ou igual a 1.000 cm3;Libéria;2023;5454;1119
39232110;Sacos, bolsas, cartuchos, de polímeros de etileno, de capacidade inferior ou igual a 1.000 cm3;Libéria;2024;5221;979
39232110;Sacos, bolsas, cartuchos, de polímeros de etileno, de capacidade inferior ou igual a 1.000 cm3;Libéria;2025;5621;941
39232110;Sacos, bolsas, cartuchos, de polímeros de etileno, de capacidade inferior ou igual a 1.000 cm3;Lituânia;2023;2;1
39232110;Sacos, bolsas, cartuchos, de polímeros de etileno, de capacidade inferior ou igual a 1.000 cm3;Lituânia;2024;31;1
39232110;Sacos, bolsas, cartuchos, de polímeros de etileno, de capacidade inferior ou igual a 1.000 cm3;Lituânia;2025;18;4
39232110;Sacos, bolsas, cartuchos, de polímeros de etileno, de capacidade inferior ou igual a 1.000 cm3;Luxemburgo;2024;187;13
39232110;Sacos, bolsas, cartuchos, de polímeros de etileno, de capacidade inferior ou igual a 1.000 cm3;Líbano;2023;45;12
39232110;Sacos, bolsas, cartuchos, de polímeros de etileno, de capacidade inferior ou igual a 1.000 cm3;Líbano;2025;5;0
39232110;Sacos, bolsas, cartuchos, de polímeros de etileno, de capacidade inferior ou igual a 1.000 cm3;Líbia;2022;64;31
39232110;Sacos, bolsas, cartuchos, de polímeros de etileno, de capacidade inferior ou igual a 1.000 cm3;Malta;2021;502;262
39232110;Sacos, bolsas, cartuchos, de polímeros de etileno, de capacidade inferior ou igual a 1.000 cm3;Malta;2022;1850;366
39232110;Sacos, bolsas, cartuchos, de polímeros de etileno, de capacidade inferior ou igual a 1.000 cm3;Malta;2023;5074;724
39232110;Sacos, bolsas, cartuchos, de polímeros de etileno, de capacidade inferior ou igual a 1.000 cm3;Malta;2024;1648;166
39232110;Sacos, bolsas, cartuchos, de polímeros de etileno, de capacidade inferior ou igual a 1.000 cm3;Malta;2025;1353;1964
39232110;Sacos, bolsas, cartuchos, de polímeros de etileno, de capacidade inferior ou igual a 1.000 cm3;Malásia;2024;71;11
39232110;Sacos, bolsas, cartuchos, de polímeros de etileno, de capacidade inferior ou igual a 1.000 cm3;Malásia;2025;455;185
39232110;Sacos, bolsas, cartuchos, de polímeros de etileno, de capacidade inferior ou igual a 1.000 cm3;Marrocos;2021;161;37
39232110;Sacos, bolsas, cartuchos, de polímeros de etileno, de capacidade inferior ou igual a 1.000 cm3;Marshall, Ilhas;2021;3104;827
39232110;Sacos, bolsas, cartuchos, de polímeros de etileno, de capacidade inferior ou igual a 1.000 cm3;Marshall, Ilhas;2022;4020;553
39232110;Sacos, bolsas, cartuchos, de polímeros de etileno, de capacidade inferior ou igual a 1.000 cm3;Marshall, Ilhas;2023;4879;987
39232110;Sacos, bolsas, cartuchos, de polímeros de etileno, de capacidade inferior ou igual a 1.000 cm3;Marshall, Ilhas;2024;4603;2111
39232110;Sacos, bolsas, cartuchos, de polímeros de etileno, de capacidade inferior ou igual a 1.000 cm3;Marshall, Ilhas;2025;5798;1654
39232110;Sacos, bolsas, cartuchos, de polímeros de etileno, de capacidade inferior ou igual a 1.000 cm3;Martinica;2022;60;2
39232110;Sacos, bolsas, cartuchos, de polímeros de etileno, de capacidade inferior ou igual a 1.000 cm3;Martinica;2023;75;5
39232110;Sacos, bolsas, cartuchos, de polímeros de etileno, de capacidade inferior ou igual a 1.000 cm3;Mauritânia;2021;19;1
39232110;Sacos, bolsas, cartuchos, de polímeros de etileno, de capacidade inferior ou igual a 1.000 cm3;Montenegro;2021;87;40
39232110;Sacos, bolsas, cartuchos, de polímeros de etileno, de capacidade inferior ou igual a 1.000 cm3;Montenegro;2025;240;40
39232110;Sacos, bolsas, cartuchos, de polímeros de etileno, de capacidade inferior ou igual a 1.000 cm3;Moçambique;2021;953;315
39232110;Sacos, bolsas, cartuchos, de polímeros de etileno, de capacidade inferior ou igual a 1.000 cm3;México;2021;21943;2257
39232110;Sacos, bolsas, cartuchos, de polímeros de etileno, de capacidade inferior ou igual a 1.000 cm3;México;2022;41;41
39232110;Sacos, bolsas, cartuchos, de polímeros de etileno, de capacidade inferior ou igual a 1.000 cm3;México;2023;100;2
39232110;Sacos, bolsas, cartuchos, de polímeros de etileno, de capacidade inferior ou igual a 1.000 cm3;México;2024;40;3
39232110;Sacos, bolsas, cartuchos, de polímeros de etileno, de capacidade inferior ou igual a 1.000 cm3;México;2025;1436;1537
39232110;Sacos, bolsas, cartuchos, de polímeros de etileno, de capacidade inferior ou igual a 1.000 cm3;Noruega;2021;1082;118
39232110;Sacos, bolsas, cartuchos, de polímeros de etileno, de capacidade inferior ou igual a 1.000 cm3;Noruega;2022;689;14
39232110;Sacos, bolsas, cartuchos, de polímeros de etileno, de capacidade inferior ou igual a 1.000 cm3;Noruega;2023;667;114
39232110;Sacos, bolsas, cartuchos, de polímeros de etileno, de capacidade inferior ou igual a 1.000 cm3;Noruega;2024;1179;125
39232110;Sacos, bolsas, cartuchos, de polímeros de etileno, de capacidade inferior ou igual a 1.000 cm3;Noruega;2025;3309;10701
39232110;Sacos, bolsas, cartuchos, de polímeros de etileno, de capacidade inferior ou igual a 1.000 cm3;Palau;2022;29;2
39232110;Sacos, bolsas, cartuchos, de polímeros de etileno, de capacidade inferior ou igual a 1.000 cm3;Panamá;2021;2000;243
39232110;Sacos, bolsas, cartuchos, de polímeros de etileno, de capacidade inferior ou igual a 1.000 cm3;Panamá;2022;2038;504
39232110;Sacos, bolsas, cartuchos, de polímeros de etileno, de capacidade inferior ou igual a 1.000 cm3;Panamá;2023;2805;652
39232110;Sacos, bolsas, cartuchos, de polímeros de etileno, de capacidade inferior ou igual a 1.000 cm3;Panamá;2024;11207;2813
39232110;Sacos, bolsas, cartuchos, de polímeros de etileno, de capacidade inferior ou igual a 1.000 cm3;Panamá;2025;7809;2210
39232110;Sacos, bolsas, cartuchos, de polímeros de etileno, de capacidade inferior ou igual a 1.000 cm3;Papua Nova Guiné;2021;337;0
39232110;Sacos, bolsas, cartuchos, de polímeros de etileno, de capacidade inferior ou igual a 1.000 cm3;Paquistão;2021;47;11
39232110;Sacos, bolsas, cartuchos, de polímeros de etileno, de capacidade inferior ou igual a 1.000 cm3;Paquistão;2022;67;12
39232110;Sacos, bolsas, cartuchos, de polímeros de etileno, de capacidade inferior ou igual a 1.000 cm3;Paraguai;2021;575523;161551
39232110;Sacos, bolsas, cartuchos, de polímeros de etileno, de capacidade inferior ou igual a 1.000 cm3;Paraguai;2022;511268;139373
39232110;Sacos, bolsas, cartuchos, de polímeros de etileno, de capacidade inferior ou igual a 1.000 cm3;Paraguai;2023;1721409;596899
39232110;Sacos, bolsas, cartuchos, de polímeros de etileno, de capacidade inferior ou igual a 1.000 cm3;Paraguai;2024;1154471;348566
39232110;Sacos, bolsas, cartuchos, de polímeros de etileno, de capacidade inferior ou igual a 1.000 cm3;Paraguai;2025;790550;192799
39232110;Sacos, bolsas, cartuchos, de polímeros de etileno, de capacidade inferior ou igual a 1.000 cm3;Países Baixos (Holanda);2021;7722;627
39232110;Sacos, bolsas, cartuchos, de polímeros de etileno, de capacidade inferior ou igual a 1.000 cm3;Países Baixos (Holanda);2022;6948;717
39232110;Sacos, bolsas, cartuchos, de polímeros de etileno, de capacidade inferior ou igual a 1.000 cm3;Países Baixos (Holanda);2023;2542;662
39232110;Sacos, bolsas, cartuchos, de polímeros de etileno, de capacidade inferior ou igual a 1.000 cm3;Países Baixos (Holanda);2024;60;40
39232110;Sacos, bolsas, cartuchos, de polímeros de etileno, de capacidade inferior ou igual a 1.000 cm3;Países Baixos (Holanda);2025;671;88
39232110;Sacos, bolsas, cartuchos, de polímeros de etileno, de capacidade inferior ou igual a 1.000 cm3;Peru;2021;101;7
39232110;Sacos, bolsas, cartuchos, de polímeros de etileno, de capacidade inferior ou igual a 1.000 cm3;Peru;2023;11713;2110
39232110;Sacos, bolsas, cartuchos, de polímeros de etileno, de capacidade inferior ou igual a 1.000 cm3;Peru;2024;65;27
39232110;Sacos, bolsas, cartuchos, de polímeros de etileno, de capacidade inferior ou igual a 1.000 cm3;Peru;2025;9;1
39232110;Sacos, bolsas, cartuchos, de polímeros de etileno, de capacidade inferior ou igual a 1.000 cm3;Polônia;2021;1110;19
39232110;Sacos, bolsas, cartuchos, de polímeros de etileno, de capacidade inferior ou igual a 1.000 cm3;Polônia;2024;60000;6666
39232110;Sacos, bolsas, cartuchos, de polímeros de etileno, de capacidade inferior ou igual a 1.000 cm3;Porto Rico;2024;39789;19955
39232110;Sacos, bolsas, cartuchos, de polímeros de etileno, de capacidade inferior ou igual a 1.000 cm3;Portugal;2021;3080;192
39232110;Sacos, bolsas, cartuchos, de polímeros de etileno, de capacidade inferior ou igual a 1.000 cm3;Portugal;2022;5447;335
39232110;Sacos, bolsas, cartuchos, de polímeros de etileno, de capacidade inferior ou igual a 1.000 cm3;Portugal;2023;1134;110
39232110;Sacos, bolsas, cartuchos, de polímeros de etileno, de capacidade inferior ou igual a 1.000 cm3;Portugal;2024;1840;133
39232110;Sacos, bolsas, cartuchos, de polímeros de etileno, de capacidade inferior ou igual a 1.000 cm3;Portugal;2025;2094;233
39232110;Sacos, bolsas, cartuchos, de polímeros de etileno, de capacidade inferior ou igual a 1.000 cm3;Quênia;2025;3360;1080
39232110;Sacos, bolsas, cartuchos, de polímeros de etileno, de capacidade inferior ou igual a 1.000 cm3;Reino Unido;2021;54;4
39232110;Sacos, bolsas, cartuchos, de polímeros de etileno, de capacidade inferior ou igual a 1.000 cm3;Reino Unido;2022;1391;760
39232110;Sacos, bolsas, cartuchos, de polímeros de etileno, de capacidade inferior ou igual a 1.000 cm3;Reino Unido;2023;188;28
39232110;Sacos, bolsas, cartuchos, de polímeros de etileno, de capacidade inferior ou igual a 1.000 cm3;Reino Unido;2024;88;2
39232110;Sacos, bolsas, cartuchos, de polímeros de etileno, de capacidade inferior ou igual a 1.000 cm3;República Dominicana;2023;245;43
39232110;Sacos, bolsas, cartuchos, de polímeros de etileno, de capacidade inferior ou igual a 1.000 cm3;República Dominicana;2025;223;19
39232110;Sacos, bolsas, cartuchos, de polímeros de etileno, de capacidade inferior ou igual a 1.000 cm3;Ruanda;2024;7;0
39232110;Sacos, bolsas, cartuchos, de polímeros de etileno, de capacidade inferior ou igual a 1.000 cm3;San Marino;2025;20;4
39232110;Sacos, bolsas, cartuchos, de polímeros de etileno, de capacidade inferior ou igual a 1.000 cm3;Senegal;2021;2482;800
39232110;Sacos, bolsas, cartuchos, de polímeros de etileno, de capacidade inferior ou igual a 1.000 cm3;Singapura;2021;1648;1544
39232110;Sacos, bolsas, cartuchos, de polímeros de etileno, de capacidade inferior ou igual a 1.000 cm3;Singapura;2022;1910;111
39232110;Sacos, bolsas, cartuchos, de polímeros de etileno, de capacidade inferior ou igual a 1.000 cm3;Singapura;2023;1363;200
39232110;Sacos, bolsas, cartuchos, de polímeros de etileno, de capacidade inferior ou igual a 1.000 cm3;Singapura;2024;449;134
39232110;Sacos, bolsas, cartuchos, de polímeros de etileno, de capacidade inferior ou igual a 1.000 cm3;Singapura;2025;1324;198
39232110;Sacos, bolsas, cartuchos, de polímeros de etileno, de capacidade inferior ou igual a 1.000 cm3;Sudão;2022;14;0
39232110;Sacos, bolsas, cartuchos, de polímeros de etileno, de capacidade inferior ou igual a 1.000 cm3;Suriname;2025;66;3
39232110;Sacos, bolsas, cartuchos, de polímeros de etileno, de capacidade inferior ou igual a 1.000 cm3;Suécia;2021;22;1
39232110;Sacos, bolsas, cartuchos, de polímeros de etileno, de capacidade inferior ou igual a 1.000 cm3;Suíça;2021;478;11
39232110;Sacos, bolsas, cartuchos, de polímeros de etileno, de capacidade inferior ou igual a 1.000 cm3;Suíça;2022;86;10
39232110;Sacos, bolsas, cartuchos, de polímeros de etileno, de capacidade inferior ou igual a 1.000 cm3;Suíça;2024;30;8
39232110;Sacos, bolsas, cartuchos, de polímeros de etileno, de capacidade inferior ou igual a 1.000 cm3;Suíça;2025;131;15
39232110;Sacos, bolsas, cartuchos, de polímeros de etileno, de capacidade inferior ou igual a 1.000 cm3;São Vicente e Granadinas;2022;68;5
39232110;Sacos, bolsas, cartuchos, de polímeros de etileno, de capacidade inferior ou igual a 1.000 cm3;São Vicente e Granadinas;2023;28;24
39232110;Sacos, bolsas, cartuchos, de polímeros de etileno, de capacidade inferior ou igual a 1.000 cm3;São Vicente e Granadinas;2024;14;30
39232110;Sacos, bolsas, cartuchos, de polímeros de etileno, de capacidade inferior ou igual a 1.000 cm3;Tailândia;2021;742;60
39232110;Sacos, bolsas, cartuchos, de polímeros de etileno, de capacidade inferior ou igual a 1.000 cm3;Tailândia;2022;536;31
39232110;Sacos, bolsas, cartuchos, de polímeros de etileno, de capacidade inferior ou igual a 1.000 cm3;Tailândia;2023;351;15
39232110;Sacos, bolsas, cartuchos, de polímeros de etileno, de capacidade inferior ou igual a 1.000 cm3;Tailândia;2024;709;123
39232110;Sacos, bolsas, cartuchos, de polímeros de etileno, de capacidade inferior ou igual a 1.000 cm3;Tailândia;2025;389;15
39232110;Sacos, bolsas, cartuchos, de polímeros de etileno, de capacidade inferior ou igual a 1.000 cm3;Taiwan (Formosa);2021;1;1
39232110;Sacos, bolsas, cartuchos, de polímeros de etileno, de capacidade inferior ou igual a 1.000 cm3;Taiwan (Formosa);2025;78;18
39232110;Sacos, bolsas, cartuchos, de polímeros de etileno, de capacidade inferior ou igual a 1.000 cm3;Tanzânia;2024;7;4
39232110;Sacos, bolsas, cartuchos, de polímeros de etileno, de capacidade inferior ou igual a 1.000 cm3;Tanzânia;2025;772;40
39232110;Sacos, bolsas, cartuchos, de polímeros de etileno, de capacidade inferior ou igual a 1.000 cm3;Turquia;2021;26;5
39232110;Sacos, bolsas, cartuchos, de polímeros de etileno, de capacidade inferior ou igual a 1.000 cm3;Turquia;2022;35200;3919
39232110;Sacos, bolsas, cartuchos, de polímeros de etileno, de capacidade inferior ou igual a 1.000 cm3;Turquia;2023;56628;6329
39232110;Sacos, bolsas, cartuchos, de polímeros de etileno, de capacidade inferior ou igual a 1.000 cm3;Turquia;2024;99277;11083
39232110;Sacos, bolsas, cartuchos, de polímeros de etileno, de capacidade inferior ou igual a 1.000 cm3;Turquia;2025;60073;6730
39232110;Sacos, bolsas, cartuchos, de polímeros de etileno, de capacidade inferior ou igual a 1.000 cm3;Uruguai;2021;126100;34490
39232110;Sacos, bolsas, cartuchos, de polímeros de etileno, de capacidade inferior ou igual a 1.000 cm3;Uruguai;2022;84312;16601
39232110;Sacos, bolsas, cartuchos, de polímeros de etileno, de capacidade inferior ou igual a 1.000 cm3;Uruguai;2023;186698;43371
39232110;Sacos, bolsas, cartuchos, de polímeros de etileno, de capacidade inferior ou igual a 1.000 cm3;Uruguai;2024;225763;92964
39232110;Sacos, bolsas, cartuchos, de polímeros de etileno, de capacidade inferior ou igual a 1.000 cm3;Uruguai;2025;287784;103884
39232110;Sacos, bolsas, cartuchos, de polímeros de etileno, de capacidade inferior ou igual a 1.000 cm3;Venezuela;2021;1;0
39232110;Sacos, bolsas, cartuchos, de polímeros de etileno, de capacidade inferior ou igual a 1.000 cm3;Venezuela;2022;2036;729
39232110;Sacos, bolsas, cartuchos, de polímeros de etileno, de capacidade inferior ou igual a 1.000 cm3;Venezuela;2024;2682;744
39232110;Sacos, bolsas, cartuchos, de polímeros de etileno, de capacidade inferior ou igual a 1.000 cm3;Venezuela;2025;446;2
39232110;Sacos, bolsas, cartuchos, de polímeros de etileno, de capacidade inferior ou igual a 1.000 cm3;Vietnã;2021;131;4
39232110;Sacos, bolsas, cartuchos, de polímeros de etileno, de capacidade inferior ou igual a 1.000 cm3;Vietnã;2022;27;0
39232110;Sacos, bolsas, cartuchos, de polímeros de etileno, de capacidade inferior ou igual a 1.000 cm3;Vietnã;2024;179;7
39232110;Sacos, bolsas, cartuchos, de polímeros de etileno, de capacidade inferior ou igual a 1.000 cm3;África do Sul;2023;23;3
39232110;Sacos, bolsas, cartuchos, de polímeros de etileno, de capacidade inferior ou igual a 1.000 cm3;África do Sul;2024;20;0
39232110;Sacos, bolsas, cartuchos, de polímeros de etileno, de capacidade inferior ou igual a 1.000 cm3;África do Sul;2025;530;52
39232110;Sacos, bolsas, cartuchos, de polímeros de etileno, de capacidade inferior ou igual a 1.000 cm3;Índia;2022;360;60
39232110;Sacos, bolsas, cartuchos, de polímeros de etileno, de capacidade inferior ou igual a 1.000 cm3;Índia;2023;71;18
39232110;Sacos, bolsas, cartuchos, de polímeros de etileno, de capacidade inferior ou igual a 1.000 cm3;Índia;2025;11;0
39232190;Outros sacos, bolsas e cartuchos, de polímeros de etileno;Alemanha;2021;193288;75502
39232190;Outros sacos, bolsas e cartuchos, de polímeros de etileno;Alemanha;2022;294181;66470
39232190;Outros sacos, bolsas e cartuchos, de polímeros de etileno;Alemanha;2023;244539;60703
39232190;Outros sacos, bolsas e cartuchos, de polímeros de etileno;Alemanha;2024;162835;47188
39232190;Outros sacos, bolsas e cartuchos, de polímeros de etileno;Alemanha;2025;182582;46990
39232190;Outros sacos, bolsas e cartuchos, de polímeros de etileno;Angola;2021;24731;11273
39232190;Outros sacos, bolsas e cartuchos, de polímeros de etileno;Angola;2022;22094;4913
39232190;Outros sacos, bolsas e cartuchos, de polímeros de etileno;Angola;2023;14556;2656
39232190;Outros sacos, bolsas e cartuchos, de polímeros de etileno;Angola;2024;2894;648
39232190;Outros sacos, bolsas e cartuchos, de polímeros de etileno;Angola;2025;52964;13877
39232190;Outros sacos, bolsas e cartuchos, de polímeros de etileno;Antígua e Barbuda;2021;229;4
39232190;Outros sacos, bolsas e cartuchos, de polímeros de etileno;Antígua e Barbuda;2022;634;81
39232190;Outros sacos, bolsas e cartuchos, de polímeros de etileno;Antígua e Barbuda;2023;299;33
39232190;Outros sacos, bolsas e cartuchos, de polímeros de etileno;Antígua e Barbuda;2024;397;83
39232190;Outros sacos, bolsas e cartuchos, de polímeros de etileno;Antígua e Barbuda;2025;1742;1581
39232190;Outros sacos, bolsas e cartuchos, de polímeros de etileno;Argentina;2021;11598955;2032807
39232190;Outros sacos, bolsas e cartuchos, de polímeros de etileno;Argentina;2022;12465404;1992668
39232190;Outros sacos, bolsas e cartuchos, de polímeros de etileno;Argentina;2023;12640799;1840152
39232190;Outros sacos, bolsas e cartuchos, de polímeros de etileno;Argentina;2024;15509655;2613579
39232190;Outros sacos, bolsas e cartuchos, de polímeros de etileno;Argentina;2025;12015276;2273468
39232190;Outros sacos, bolsas e cartuchos, de polímeros de etileno;Argélia;2021;576;216
39232190;Outros sacos, bolsas e cartuchos, de polímeros de etileno;Argélia;2023;1004;150
39232190;Outros sacos, bolsas e cartuchos, de polímeros de etileno;Argélia;2024;120;80
39232190;Outros sacos, bolsas e cartuchos, de polímeros de etileno;Armênia;2024;80;10
39232190;Outros sacos, bolsas e cartuchos, de polímeros de etileno;Aruba;2021;0;2
39232190;Outros sacos, bolsas e cartuchos, de polímeros de etileno;Aruba;2023;32695;2839
39232190;Outros sacos, bolsas e cartuchos, de polímeros de etileno;Aruba;2024;30996;2820
39232190;Outros sacos, bolsas e cartuchos, de polímeros de etileno;Aruba;2025;31871;2834
39232190;Outros sacos, bolsas e cartuchos, de polímeros de etileno;Arábia Saudita;2021;144;1
39232190;Outros sacos, bolsas e cartuchos, de polímeros de etileno;Arábia Saudita;2022;1664;270
39232190;Outros sacos, bolsas e cartuchos, de polímeros de etileno;Arábia Saudita;2023;2332;261
39232190;Outros sacos, bolsas e cartuchos, de polímeros de etileno;Arábia Saudita;2024;45;5
39232190;Outros sacos, bolsas e cartuchos, de polímeros de etileno;Arábia Saudita;2025;923;69
39232190;Outros sacos, bolsas e cartuchos, de polímeros de etileno;Austrália;2021;540;121
39232190;Outros sacos, bolsas e cartuchos, de polímeros de etileno;Austrália;2022;208;26
39232190;Outros sacos, bolsas e cartuchos, de polímeros de etileno;Austrália;2023;241;9
39232190;Outros sacos, bolsas e cartuchos, de polímeros de etileno;Austrália;2024;3216;441
39232190;Outros sacos, bolsas e cartuchos, de polímeros de etileno;Austrália;2025;2;0
39232190;Outros sacos, bolsas e cartuchos, de polímeros de etileno;Azerbaijão;2023;0;1
39232190;Outros sacos, bolsas e cartuchos, de polímeros de etileno;Azerbaijão;2024;1;5
39232190;Outros sacos, bolsas e cartuchos, de polímeros de etileno;Azerbaijão;2025;63;2
39232190;Outros sacos, bolsas e cartuchos, de polímeros de etileno;Bahamas;2021;2642;2060
39232190;Outros sacos, bolsas e cartuchos, de polímeros de etileno;Bahamas;2022;2637;510
39232190;Outros sacos, bolsas e cartuchos, de polímeros de etileno;Bahamas;2023;7206;883
39232190;Outros sacos, bolsas e cartuchos, de polímeros de etileno;Bahamas;2024;11632;1455
39232190;Outros sacos, bolsas e cartuchos, de polímeros de etileno;Bahamas;2025;15761;22988
39232190;Outros sacos, bolsas e cartuchos, de polímeros de etileno;Bangladesh;2021;73;21
39232190;Outros sacos, bolsas e cartuchos, de polímeros de etileno;Bangladesh;2022;478;135
39232190;Outros sacos, bolsas e cartuchos, de polímeros de etileno;Bangladesh;2023;494;80
39232190;Outros sacos, bolsas e cartuchos, de polímeros de etileno;Bangladesh;2024;367;41
39232190;Outros sacos, bolsas e cartuchos, de polímeros de etileno;Bangladesh;2025;796;72
39232190;Outros sacos, bolsas e cartuchos, de polímeros de etileno;Barbados;2021;4555;394
39232190;Outros sacos, bolsas e cartuchos, de polímeros de etileno;Barbados;2022;114827;9500
39232190;Outros sacos, bolsas e cartuchos, de polímeros de etileno;Barbados;2023;31517;3146
39232190;Outros sacos, bolsas e cartuchos, de polímeros de etileno;Barbados;2024;63828;6126
39232190;Outros sacos, bolsas e cartuchos, de polímeros de etileno;Barbados;2025;2523;386
39232190;Outros sacos, bolsas e cartuchos, de polímeros de etileno;Barein;2021;255;61
39232190;Outros sacos, bolsas e cartuchos, de polímeros de etileno;Barein;2022;873;161
39232190;Outros sacos, bolsas e cartuchos, de polímeros de etileno;Barein;2023;446;80
39232190;Outros sacos, bolsas e cartuchos, de polímeros de etileno;Barein;2024;321;4
39232190;Outros sacos, bolsas e cartuchos, de polímeros de etileno;Barein;2025;387;34
39232190;Outros sacos, bolsas e cartuchos, de polímeros de etileno;Belize;2021;137;124
39232190;Outros sacos, bolsas e cartuchos, de polímeros de etileno;Belize;2022;875;317
39232190;Outros sacos, bolsas e cartuchos, de polímeros de etileno;Belize;2023;672;49
39232190;Outros sacos, bolsas e cartuchos, de polímeros de etileno;Belize;2024;99;11
39232190;Outros sacos, bolsas e cartuchos, de polímeros de etileno;Belize;2025;129;44
39232190;Outros sacos, bolsas e cartuchos, de polímeros de etileno;Bermudas;2021;439;24
39232190;Outros sacos, bolsas e cartuchos, de polímeros de etileno;Bermudas;2022;170;28
39232190;Outros sacos, bolsas e cartuchos, de polímeros de etileno;Bermudas;2023;259;65
39232190;Outros sacos, bolsas e cartuchos, de polímeros de etileno;Bermudas;2024;1235;82
39232190;Outros sacos, bolsas e cartuchos, de polímeros de etileno;Bermudas;2025;277;50
39232190;Outros sacos, bolsas e cartuchos, de polímeros de etileno;Bolívia;2021;395305;84955
39232190;Outros sacos, bolsas e cartuchos, de polímeros de etileno;Bolívia;2022;682488;153344
39232190;Outros sacos, bolsas e cartuchos, de polímeros de etileno;Bolívia;2023;972290;222941
39232190;Outros sacos, bolsas e cartuchos, de polímeros de etileno;Bolívia;2024;1363264;295070
39232190;Outros sacos, bolsas e cartuchos, de polímeros de etileno;Bolívia;2025;1425882;307835
39232190;Outros sacos, bolsas e cartuchos, de polímeros de etileno;Brasil;2024;50;1
39232190;Outros sacos, bolsas e cartuchos, de polímeros de etileno;Brasil;2025;1482;47
39232190;Outros sacos, bolsas e cartuchos, de polímeros de etileno;Brunei;2021;404;348
39232190;Outros sacos, bolsas e cartuchos, de polímeros de etileno;Brunei;2022;750;306
39232190;Outros sacos, bolsas e cartuchos, de polímeros de etileno;Bulgária;2024;46;1
39232190;Outros sacos, bolsas e cartuchos, de polímeros de etileno;Bélgica;2021;36699;1265
39232190;Outros sacos, bolsas e cartuchos, de polímeros de etileno;Bélgica;2022;570;59
39232190;Outros sacos, bolsas e cartuchos, de polímeros de etileno;Bélgica;2023;14875;2427
39232190;Outros sacos, bolsas e cartuchos, de polímeros de etileno;Bélgica;2024;757;82
39232190;Outros sacos, bolsas e cartuchos, de polímeros de etileno;Bélgica;2025;593;223
39232190;Outros sacos, bolsas e cartuchos, de polímeros de etileno;Cabo Verde;2021;2806;68
39232190;Outros sacos, bolsas e cartuchos, de polímeros de etileno;Cabo Verde;2023;34;7
39232190;Outros sacos, bolsas e cartuchos, de polímeros de etileno;Cabo Verde;2025;515;112
39232190;Outros sacos, bolsas e cartuchos, de polímeros de etileno;Camarões;2023;67;7
39232190;Outros sacos, bolsas e cartuchos, de polímeros de etileno;Camarões;2025;480;50
39232190;Outros sacos, bolsas e cartuchos, de polímeros de etileno;Camboja;2023;630;648
39232190;Outros sacos, bolsas e cartuchos, de polímeros de etileno;Canadá;2021;15895;12072
39232190;Outros sacos, bolsas e cartuchos, de polímeros de etileno;Canadá;2022;19031;8958
39232190;Outros sacos, bolsas e cartuchos, de polímeros de etileno;Canadá;2023;81585;2247
39232190;Outros sacos, bolsas e cartuchos, de polímeros de etileno;Canadá;2024;11961;5662
39232190;Outros sacos, bolsas e cartuchos, de polímeros de etileno;Canadá;2025;168949;44046
39232190;Outros sacos, bolsas e cartuchos, de polímeros de etileno;Catar;2021;941;32
39232190;Outros sacos, bolsas e cartuchos, de polímeros de etileno;Catar;2022;2776;147
39232190;Outros sacos, bolsas e cartuchos, de polímeros de etileno;Catar;2023;2600;274
39232190;Outros sacos, bolsas e cartuchos, de polímeros de etileno;Catar;2024;4510;431
39232190;Outros sacos, bolsas e cartuchos, de polímeros de etileno;Catar;2025;6177;395
39232190;Outros sacos, bolsas e cartuchos, de polímeros de etileno;Cayman, Ilhas;2021;67;27
39232190;Outros sacos, bolsas e cartuchos, de polímeros de etileno;Cayman, Ilhas;2022;296;26
39232190;Outros sacos, bolsas e cartuchos, de polímeros de etileno;Cayman, Ilhas;2023;888;33
39232190;Outros sacos, bolsas e cartuchos, de polímeros de etileno;Cayman, Ilhas;2024;38;6
39232190;Outros sacos, bolsas e cartuchos, de polímeros de etileno;Cayman, Ilhas;2025;403;34
39232190;Outros sacos, bolsas e cartuchos, de polímeros de etileno;Cazaquistão;2023;111;0
39232190;Outros sacos, bolsas e cartuchos, de polímeros de etileno;Chile;2021;9227898;1921731
39232190;Outros sacos, bolsas e cartuchos, de polímeros de etileno;Chile;2022;10456551;1876061
39232190;Outros sacos, bolsas e cartuchos, de polímeros de etileno;Chile;2023;13645183;2422455
39232190;Outros sacos, bolsas e cartuchos, de polímeros de etileno;Chile;2024;14479223;2730522
39232190;Outros sacos, bolsas e cartuchos, de polímeros de etileno;Chile;2025;16896677;3019982
39232190;Outros sacos, bolsas e cartuchos, de polímeros de etileno;China;2021;9378;1865
39232190;Outros sacos, bolsas e cartuchos, de polímeros de etileno;China;2022;1267;340
39232190;Outros sacos, bolsas e cartuchos, de polímeros de etileno;China;2023;472;152
39232190;Outros sacos, bolsas e cartuchos, de polímeros de etileno;China;2024;1175;404
39232190;Outros sacos, bolsas e cartuchos, de polímeros de etileno;China;2025;11364;1017
39232190;Outros sacos, bolsas e cartuchos, de polímeros de etileno;Chipre;2021;24949;8856
39232190;Outros sacos, bolsas e cartuchos, de polímeros de etileno;Chipre;2022;25932;10739
39232190;Outros sacos, bolsas e cartuchos, de polímeros de etileno;Chipre;2023;74832;27491
39232190;Outros sacos, bolsas e cartuchos, de polímeros de etileno;Chipre;2024;46677;17593
39232190;Outros sacos, bolsas e cartuchos, de polímeros de etileno;Chipre;2025;72994;26392
39232190;Outros sacos, bolsas e cartuchos, de polímeros de etileno;Colômbia;2021;5927552;1005040
39232190;Outros sacos, bolsas e cartuchos, de polímeros de etileno;Colômbia;2022;6714928;1245553
39232190;Outros sacos, bolsas e cartuchos, de polímeros de etileno;Colômbia;2023;8282514;1323579
39232190;Outros sacos, bolsas e cartuchos, de polímeros de etileno;Colômbia;2024;8722108;1587765
39232190;Outros sacos, bolsas e cartuchos, de polímeros de etileno;Colômbia;2025;11749984;2123608
39232190;Outros sacos, bolsas e cartuchos, de polímeros de etileno;Congo;2021;48;1
39232190;Outros sacos, bolsas e cartuchos, de polímeros de etileno;Congo;2023;4912;835
39232190;Outros sacos, bolsas e cartuchos, de polímeros de etileno;Congo;2024;109;9
39232190;Outros sacos, bolsas e cartuchos, de polímeros de etileno;Congo;2025;6964;1089
39232190;Outros sacos, bolsas e cartuchos, de polímeros de etileno;Cook, Ilhas;2022;15;1
39232190;Outros sacos, bolsas e cartuchos, de polímeros de etileno;Cook, Ilhas;2023;7;10
39232190;Outros sacos, bolsas e cartuchos, de polímeros de etileno;Cook, Ilhas;2024;469;92
39232190;Outros sacos, bolsas e cartuchos, de polímeros de etileno;Coreia do Sul;2021;414;328
39232190;Outros sacos, bolsas e cartuchos, de polímeros de etileno;Coreia do Sul;2022;92;10
39232190;Outros sacos, bolsas e cartuchos, de polímeros de etileno;Coreia do Sul;2023;120;1
39232190;Outros sacos, bolsas e cartuchos, de polímeros de etileno;Coreia do Sul;2024;4508;207
39232190;Outros sacos, bolsas e cartuchos, de polímeros de etileno;Coreia do Sul;2025;109;11
39232190;Outros sacos, bolsas e cartuchos, de polímeros de etileno;Costa Rica;2021;2923189;500997
39232190;Outros sacos, bolsas e cartuchos, de polímeros de etileno;Costa Rica;2022;4488277;720539
39232190;Outros sacos, bolsas e cartuchos, de polímeros de etileno;Costa Rica;2023;3234840;460979
39232190;Outros sacos, bolsas e cartuchos, de polímeros de etileno;Costa Rica;2024;4877534;704310
39232190;Outros sacos, bolsas e cartuchos, de polímeros de etileno;Costa Rica;2025;3540892;512881
39232190;Outros sacos, bolsas e cartuchos, de polímeros de etileno;Coveite (Kuweit);2021;4;4
39232190;Outros sacos, bolsas e cartuchos, de polímeros de etileno;Coveite (Kuweit);2022;7;0
39232190;Outros sacos, bolsas e cartuchos, de polímeros de etileno;Coveite (Kuweit);2023;774;161
39232190;Outros sacos, bolsas e cartuchos, de polímeros de etileno;Coveite (Kuweit);2024;6;0
39232190;Outros sacos, bolsas e cartuchos, de polímeros de etileno;Coveite (Kuweit);2025;600;3
39232190;Outros sacos, bolsas e cartuchos, de polímeros de etileno;Croácia;2022;52;15
39232190;Outros sacos, bolsas e cartuchos, de polímeros de etileno;Croácia;2023;43;10
39232190;Outros sacos, bolsas e cartuchos, de polímeros de etileno;Croácia;2024;292;14
39232190;Outros sacos, bolsas e cartuchos, de polímeros de etileno;Cuba;2021;3591;767
39232190;Outros sacos, bolsas e cartuchos, de polímeros de etileno;Cuba;2022;4;0
39232190;Outros sacos, bolsas e cartuchos, de polímeros de etileno;Cuba;2023;28757;110
39232190;Outros sacos, bolsas e cartuchos, de polímeros de etileno;Cuba;2024;3636;2282
39232190;Outros sacos, bolsas e cartuchos, de polímeros de etileno;Cuba;2025;1285;120
39232190;Outros sacos, bolsas e cartuchos, de polímeros de etileno;Curaçao;2021;45;11
39232190;Outros sacos, bolsas e cartuchos, de polímeros de etileno;Curaçao;2022;2984;313
39232190;Outros sacos, bolsas e cartuchos, de polímeros de etileno;Curaçao;2023;31711;2852
39232190;Outros sacos, bolsas e cartuchos, de polímeros de etileno;Curaçao;2024;31008;2822
39232190;Outros sacos, bolsas e cartuchos, de polímeros de etileno;Curaçao;2025;37208;2820
39232190;Outros sacos, bolsas e cartuchos, de polímeros de etileno;Dinamarca;2021;91186;36036
39232190;Outros sacos, bolsas e cartuchos, de polímeros de etileno;Dinamarca;2022;183951;52022
39232190;Outros sacos, bolsas e cartuchos, de polímeros de etileno;Dinamarca;2023;179956;43713
39232190;Outros sacos, bolsas e cartuchos, de polímeros de etileno;Dinamarca;2024;106102;26581
39232190;Outros sacos, bolsas e cartuchos, de polímeros de etileno;Dinamarca;2025;219646;52616
39232190;Outros sacos, bolsas e cartuchos, de polímeros de etileno;Egito;2022;177;31
39232190;Outros sacos, bolsas e cartuchos, de polímeros de etileno;Egito;2025;105;20
39232190;Outros sacos, bolsas e cartuchos, de polímeros de etileno;El Salvador;2021;16;1
39232190;Outros sacos, bolsas e cartuchos, de polímeros de etileno;El Salvador;2022;629;291
39232190;Outros sacos, bolsas e cartuchos, de polímeros de etileno;El Salvador;2023;3340;255
39232190;Outros sacos, bolsas e cartuchos, de polímeros de etileno;El Salvador;2024;147107;15727
39232190;Outros sacos, bolsas e cartuchos, de polímeros de etileno;El Salvador;2025;36296;4118
39232190;Outros sacos, bolsas e cartuchos, de polímeros de etileno;Emirados Árabes Unidos;2021;187;43
39232190;Outros sacos, bolsas e cartuchos, de polímeros de etileno;Emirados Árabes Unidos;2022;406;38
39232190;Outros sacos, bolsas e cartuchos, de polímeros de etileno;Emirados Árabes Unidos;2023;4142;1746
39232190;Outros sacos, bolsas e cartuchos, de polímeros de etileno;Emirados Árabes Unidos;2024;611;102
39232190;Outros sacos, bolsas e cartuchos, de polímeros de etileno;Emirados Árabes Unidos;2025;3949;373
39232190;Outros sacos, bolsas e cartuchos, de polímeros de etileno;Equador;2021;917099;151132
39232190;Outros sacos, bolsas e cartuchos, de polímeros de etileno;Equador;2022;1573549;252377
39232190;Outros sacos, bolsas e cartuchos, de polímeros de etileno;Equador;2023;1633560;234928
39232190;Outros sacos, bolsas e cartuchos, de polímeros de etileno;Equador;2024;1002906;151217
39232190;Outros sacos, bolsas e cartuchos, de polímeros de etileno;Equador;2025;2118815;381858
39232190;Outros sacos, bolsas e cartuchos, de polímeros de etileno;Espanha;2021;3822;1043
39232190;Outros sacos, bolsas e cartuchos, de polímeros de etileno;Espanha;2022;239038;39440
39232190;Outros sacos, bolsas e cartuchos, de polímeros de etileno;Espanha;2023;194898;32483
39232190;Outros sacos, bolsas e cartuchos, de polímeros de etileno;Espanha;2024;4255;890
39232190;Outros sacos, bolsas e cartuchos, de polímeros de etileno;Espanha;2025;75890;9883
39232190;Outros sacos, bolsas e cartuchos, de polímeros de etileno;Estados Unidos;2021;11979247;3579201
39232190;Outros sacos, bolsas e cartuchos, de polímeros de etileno;Estados Unidos;2022;15076782;2714204
39232190;Outros sacos, bolsas e cartuchos, de polímeros de etileno;Estados Unidos;2023;7999969;2285627
39232190;Outros sacos, bolsas e cartuchos, de polímeros de etileno;Estados Unidos;2024;10077636;2646063
39232190;Outros sacos, bolsas e cartuchos, de polímeros de etileno;Estados Unidos;2025;8562318;2421550
39232190;Outros sacos, bolsas e cartuchos, de polímeros de etileno;Estônia;2021;350;28
39232190;Outros sacos, bolsas e cartuchos, de polímeros de etileno;Estônia;2023;560;82
39232190;Outros sacos, bolsas e cartuchos, de polímeros de etileno;Estônia;2024;2000;162
39232190;Outros sacos, bolsas e cartuchos, de polímeros de etileno;Estônia;2025;47;8
39232190;Outros sacos, bolsas e cartuchos, de polímeros de etileno;Filipinas;2021;5120;390
39232190;Outros sacos, bolsas e cartuchos, de polímeros de etileno;Filipinas;2022;116;29
39232190;Outros sacos, bolsas e cartuchos, de polímeros de etileno;Filipinas;2023;1701;367
39232190;Outros sacos, bolsas e cartuchos, de polímeros de etileno;Filipinas;2024;363;16
39232190;Outros sacos, bolsas e cartuchos, de polímeros de etileno;Filipinas;2025;578;195
39232190;Outros sacos, bolsas e cartuchos, de polímeros de etileno;Finlândia;2023;211;1
39232190;Outros sacos, bolsas e cartuchos, de polímeros de etileno;Finlândia;2024;40;0
39232190;Outros sacos, bolsas e cartuchos, de polímeros de etileno;França;2021;32519;10953
39232190;Outros sacos, bolsas e cartuchos, de polímeros de etileno;França;2022;53996;15381
39232190;Outros sacos, bolsas e cartuchos, de polímeros de etileno;França;2023;41812;9618
39232190;Outros sacos, bolsas e cartuchos, de polímeros de etileno;França;2024;71200;17987
39232190;Outros sacos, bolsas e cartuchos, de polímeros de etileno;França;2025;71258;18253
39232190;Outros sacos, bolsas e cartuchos, de polímeros de etileno;Gabão;2023;312;17
39232190;Outros sacos, bolsas e cartuchos, de polímeros de etileno;Gabão;2024;1021;93
39232190;Outros sacos, bolsas e cartuchos, de polímeros de etileno;Gana;2021;3708;811
39232190;Outros sacos, bolsas e cartuchos, de polímeros de etileno;Gana;2023;5692;1197
39232190;Outros sacos, bolsas e cartuchos, de polímeros de etileno;Gana;2024;85;10
39232190;Outros sacos, bolsas e cartuchos, de polímeros de etileno;Gana;2025;20459;2005
39232190;Outros sacos, bolsas e cartuchos, de polímeros de etileno;Geórgia;2023;34;5
39232190;Outros sacos, bolsas e cartuchos, de polímeros de etileno;Geórgia;2024;47;3
39232190;Outros sacos, bolsas e cartuchos, de polímeros de etileno;Geórgia;2025;772;24
39232190;Outros sacos, bolsas e cartuchos, de polímeros de etileno;Gibraltar;2021;473;64
39232190;Outros sacos, bolsas e cartuchos, de polímeros de etileno;Gibraltar;2023;40;3
39232190;Outros sacos, bolsas e cartuchos, de polímeros de etileno;Gibraltar;2024;229;0
39232190;Outros sacos, bolsas e cartuchos, de polímeros de etileno;Gibraltar;2025;1853;96
39232190;Outros sacos, bolsas e cartuchos, de polímeros de etileno;Granada;2021;68;5
39232190;Outros sacos, bolsas e cartuchos, de polímeros de etileno;Granada;2022;73;5
39232190;Outros sacos, bolsas e cartuchos, de polímeros de etileno;Granada;2024;107;7
39232190;Outros sacos, bolsas e cartuchos, de polímeros de etileno;Grécia;2021;14649;5183
39232190;Outros sacos, bolsas e cartuchos, de polímeros de etileno;Grécia;2022;4958;9460
39232190;Outros sacos, bolsas e cartuchos, de polímeros de etileno;Grécia;2023;8122;1534
39232190;Outros sacos, bolsas e cartuchos, de polímeros de etileno;Grécia;2024;6191;4265
39232190;Outros sacos, bolsas e cartuchos, de polímeros de etileno;Grécia;2025;4052;825
39232190;Outros sacos, bolsas e cartuchos, de polímeros de etileno;Guadalupe;2021;24;8
39232190;Outros sacos, bolsas e cartuchos, de polímeros de etileno;Guadalupe;2023;1350;318
39232190;Outros sacos, bolsas e cartuchos, de polímeros de etileno;Guadalupe;2025;1433;226
39232190;Outros sacos, bolsas e cartuchos, de polímeros de etileno;Guatemala;2021;533106;101567
39232190;Outros sacos, bolsas e cartuchos, de polímeros de etileno;Guatemala;2022;714157;126630
39232190;Outros sacos, bolsas e cartuchos, de polímeros de etileno;Guatemala;2023;516634;72757
39232190;Outros sacos, bolsas e cartuchos, de polímeros de etileno;Guatemala;2024;220604;30697
39232190;Outros sacos, bolsas e cartuchos, de polímeros de etileno;Guatemala;2025;162970;24044
39232190;Outros sacos, bolsas e cartuchos, de polímeros de etileno;Guiana;2021;4384;1232
39232190;Outros sacos, bolsas e cartuchos, de polímeros de etileno;Guiana;2022;79684;25088
39232190;Outros sacos, bolsas e cartuchos, de polímeros de etileno;Guiana;2023;2564;168
39232190;Outros sacos, bolsas e cartuchos, de polímeros de etileno;Guiana;2024;6621;845
39232190;Outros sacos, bolsas e cartuchos, de polímeros de etileno;Guiana;2025;7013;6716
39232190;Outros sacos, bolsas e cartuchos, de polímeros de etileno;Guiana Francesa;2021;976;416
39232190;Outros sacos, bolsas e cartuchos, de polímeros de etileno;Guiana Francesa;2022;1740;1050
39232190;Outros sacos, bolsas e cartuchos, de polímeros de etileno;Guiana Francesa;2023;7600;5708
39232190;Outros sacos, bolsas e cartuchos, de polímeros de etileno;Guiana Francesa;2024;451;311
39232190;Outros sacos, bolsas e cartuchos, de polímeros de etileno;Guiana Francesa;2025;1376;1214
39232190;Outros sacos, bolsas e cartuchos, de polímeros de etileno;Guiné Equatorial;2024;600;135
39232190;Outros sacos, bolsas e cartuchos, de polímeros de etileno;Guiné-Bissau;2022;60;15
39232190;Outros sacos, bolsas e cartuchos, de polímeros de etileno;Guiné-Bissau;2023;1;0
39232190;Outros sacos, bolsas e cartuchos, de polímeros de etileno;Guiné-Bissau;2024;164;16
39232190;Outros sacos, bolsas e cartuchos, de polímeros de etileno;Gâmbia;2025;5;0
39232190;Outros sacos, bolsas e cartuchos, de polímeros de etileno;Honduras;2021;478;116
39232190;Outros sacos, bolsas e cartuchos, de polímeros de etileno;Honduras;2022;88;3
39232190;Outros sacos, bolsas e cartuchos, de polímeros de etileno;Honduras;2023;276;31
39232190;Outros sacos, bolsas e cartuchos, de polímeros de etileno;Honduras;2024;22;2
39232190;Outros sacos, bolsas e cartuchos, de polímeros de etileno;Honduras;2025;1046;47
39232190;Outros sacos, bolsas e cartuchos, de polímeros de etileno;Hong Kong;2021;6335;835
39232190;Outros sacos, bolsas e cartuchos, de polímeros de etileno;Hong Kong;2022;3010;549
39232190;Outros sacos, bolsas e cartuchos, de polímeros de etileno;Hong Kong;2023;4252;619
39232190;Outros sacos, bolsas e cartuchos, de polímeros de etileno;Hong Kong;2024;5514;815
39232190;Outros sacos, bolsas e cartuchos, de polímeros de etileno;Hong Kong;2025;4834;584
39232190;Outros sacos, bolsas e cartuchos, de polímeros de etileno;Hungria;2023;291;32
39232190;Outros sacos, bolsas e cartuchos, de polímeros de etileno;Hungria;2024;260;5
39232190;Outros sacos, bolsas e cartuchos, de polímeros de etileno;Hungria;2025;75;10
39232190;Outros sacos, bolsas e cartuchos, de polímeros de etileno;Ilha de Man;2021;596;20
39232190;Outros sacos, bolsas e cartuchos, de polímeros de etileno;Ilha de Man;2022;125;1
39232190;Outros sacos, bolsas e cartuchos, de polímeros de etileno;Ilha de Man;2023;270;51
39232190;Outros sacos, bolsas e cartuchos, de polímeros de etileno;Ilha de Man;2025;181;33
39232190;Outros sacos, bolsas e cartuchos, de polímeros de etileno;Indonésia;2021;11;4
39232190;Outros sacos, bolsas e cartuchos, de polímeros de etileno;Indonésia;2022;4060;1639
39232190;Outros sacos, bolsas e cartuchos, de polímeros de etileno;Indonésia;2023;253;13
39232190;Outros sacos, bolsas e cartuchos, de polímeros de etileno;Indonésia;2025;62;24
39232190;Outros sacos, bolsas e cartuchos, de polímeros de etileno;Iraque;2021;17084;4151
39232190;Outros sacos, bolsas e cartuchos, de polímeros de etileno;Iraque;2024;2200;275
39232190;Outros sacos, bolsas e cartuchos, de polímeros de etileno;Irlanda;2021;362;41
39232190;Outros sacos, bolsas e cartuchos, de polímeros de etileno;Irlanda;2022;518;416
39232190;Outros sacos, bolsas e cartuchos, de polímeros de etileno;Irlanda;2023;535;36
39232190;Outros sacos, bolsas e cartuchos, de polímeros de etileno;Irlanda;2024;83;6
39232190;Outros sacos, bolsas e cartuchos, de polímeros de etileno;Irlanda;2025;73;11
39232190;Outros sacos, bolsas e cartuchos, de polímeros de etileno;Israel;2021;33057;8926
39232190;Outros sacos, bolsas e cartuchos, de polímeros de etileno;Israel;2022;141051;36387
39232190;Outros sacos, bolsas e cartuchos, de polímeros de etileno;Israel;2023;67396;19302
39232190;Outros sacos, bolsas e cartuchos, de polímeros de etileno;Israel;2024;70005;19705
39232190;Outros sacos, bolsas e cartuchos, de polímeros de etileno;Israel;2025;33999;10190
39232190;Outros sacos, bolsas e cartuchos, de polímeros de etileno;Itália;2021;4335;848
39232190;Outros sacos, bolsas e cartuchos, de polímeros de etileno;Itália;2022;2857;1069
39232190;Outros sacos, bolsas e cartuchos, de polímeros de etileno;Itália;2023;15588;2643
39232190;Outros sacos, bolsas e cartuchos, de polímeros de etileno;Itália;2024;19974;5576
39232190;Outros sacos, bolsas e cartuchos, de polímeros de etileno;Itália;2025;2839;637
39232190;Outros sacos, bolsas e cartuchos, de polímeros de etileno;Jamaica;2022;33068;2825
39232190;Outros sacos, bolsas e cartuchos, de polímeros de etileno;Jamaica;2023;105;60
39232190;Outros sacos, bolsas e cartuchos, de polímeros de etileno;Jamaica;2025;1664;43
39232190;Outros sacos, bolsas e cartuchos, de polímeros de etileno;Japão;2021;1758;607
39232190;Outros sacos, bolsas e cartuchos, de polímeros de etileno;Japão;2022;11014;439
39232190;Outros sacos, bolsas e cartuchos, de polímeros de etileno;Japão;2023;5663;62
39232190;Outros sacos, bolsas e cartuchos, de polímeros de etileno;Japão;2024;1861;340
39232190;Outros sacos, bolsas e cartuchos, de polímeros de etileno;Japão;2025;1576;384
39232190;Outros sacos, bolsas e cartuchos, de polímeros de etileno;Jordânia;2022;422;8
39232190;Outros sacos, bolsas e cartuchos, de polímeros de etileno;Jordânia;2023;2;0
39232190;Outros sacos, bolsas e cartuchos, de polímeros de etileno;Jordânia;2024;8;1
39232190;Outros sacos, bolsas e cartuchos, de polímeros de etileno;Jordânia;2025;132;4
39232190;Outros sacos, bolsas e cartuchos, de polímeros de etileno;Letônia;2021;105;9
39232190;Outros sacos, bolsas e cartuchos, de polímeros de etileno;Letônia;2023;5;2
39232190;Outros sacos, bolsas e cartuchos, de polímeros de etileno;Letônia;2025;66;10
39232190;Outros sacos, bolsas e cartuchos, de polímeros de etileno;Libéria;2021;12249;2704
39232190;Outros sacos, bolsas e cartuchos, de polímeros de etileno;Libéria;2022;20454;4288
39232190;Outros sacos, bolsas e cartuchos, de polímeros de etileno;Libéria;2023;24896;3258
39232190;Outros sacos, bolsas e cartuchos, de polímeros de etileno;Libéria;2024;27193;4722
39232190;Outros sacos, bolsas e cartuchos, de polímeros de etileno;Libéria;2025;32019;6715
39232190;Outros sacos, bolsas e cartuchos, de polímeros de etileno;Lituânia;2022;297;42
39232190;Outros sacos, bolsas e cartuchos, de polímeros de etileno;Lituânia;2023;341;25
39232190;Outros sacos, bolsas e cartuchos, de polímeros de etileno;Lituânia;2024;100;2
39232190;Outros sacos, bolsas e cartuchos, de polímeros de etileno;Lituânia;2025;12;1
39232190;Outros sacos, bolsas e cartuchos, de polímeros de etileno;Luxemburgo;2022;671;125
39232190;Outros sacos, bolsas e cartuchos, de polímeros de etileno;Luxemburgo;2023;51;1
39232190;Outros sacos, bolsas e cartuchos, de polímeros de etileno;Luxemburgo;2024;25;3
39232190;Outros sacos, bolsas e cartuchos, de polímeros de etileno;Luxemburgo;2025;42;1
39232190;Outros sacos, bolsas e cartuchos, de polímeros de etileno;Líbano;2022;1382;293
39232190;Outros sacos, bolsas e cartuchos, de polímeros de etileno;Líbano;2023;6;9
39232190;Outros sacos, bolsas e cartuchos, de polímeros de etileno;Líbano;2024;5902;661
39232190;Outros sacos, bolsas e cartuchos, de polímeros de etileno;Líbano;2025;306;36
39232190;Outros sacos, bolsas e cartuchos, de polímeros de etileno;Líbia;2021;132;16
39232190;Outros sacos, bolsas e cartuchos, de polímeros de etileno;Líbia;2022;90;22
39232190;Outros sacos, bolsas e cartuchos, de polímeros de etileno;Líbia;2023;359;69
39232190;Outros sacos, bolsas e cartuchos, de polímeros de etileno;Líbia;2024;1342;686
39232190;Outros sacos, bolsas e cartuchos, de polímeros de etileno;Líbia;2025;24;3
39232190;Outros sacos, bolsas e cartuchos, de polímeros de etileno;Malta;2021;6631;1761
39232190;Outros sacos, bolsas e cartuchos, de polímeros de etileno;Malta;2022;6962;1790
39232190;Outros sacos, bolsas e cartuchos, de polímeros de etileno;Malta;2023;5907;1249
39232190;Outros sacos, bolsas e cartuchos, de polímeros de etileno;Malta;2024;7531;2249
39232190;Outros sacos, bolsas e cartuchos, de polímeros de etileno;Malta;2025;9557;6526
39232190;Outros sacos, bolsas e cartuchos, de polímeros de etileno;Malásia;2023;2369;42
39232190;Outros sacos, bolsas e cartuchos, de polímeros de etileno;Malásia;2024;853;21
39232190;Outros sacos, bolsas e cartuchos, de polímeros de etileno;Malásia;2025;255;8
39232190;Outros sacos, bolsas e cartuchos, de polímeros de etileno;Marrocos;2021;8;1
39232190;Outros sacos, bolsas e cartuchos, de polímeros de etileno;Marrocos;2023;14;1
39232190;Outros sacos, bolsas e cartuchos, de polímeros de etileno;Marrocos;2024;92;5
39232190;Outros sacos, bolsas e cartuchos, de polímeros de etileno;Marrocos;2025;0;1
39232190;Outros sacos, bolsas e cartuchos, de polímeros de etileno;Marshall, Ilhas;2021;21249;5543
39232190;Outros sacos, bolsas e cartuchos, de polímeros de etileno;Marshall, Ilhas;2022;19458;3057
39232190;Outros sacos, bolsas e cartuchos, de polímeros de etileno;Marshall, Ilhas;2023;28246;3633
39232190;Outros sacos, bolsas e cartuchos, de polímeros de etileno;Marshall, Ilhas;2024;22220;7122
39232190;Outros sacos, bolsas e cartuchos, de polímeros de etileno;Marshall, Ilhas;2025;32720;6175
39232190;Outros sacos, bolsas e cartuchos, de polímeros de etileno;Martinica;2023;305;13
39232190;Outros sacos, bolsas e cartuchos, de polímeros de etileno;Martinica;2025;2176;120
39232190;Outros sacos, bolsas e cartuchos, de polímeros de etileno;Maurício;2023;1150;300
39232190;Outros sacos, bolsas e cartuchos, de polímeros de etileno;Maurício;2024;69;20
39232190;Outros sacos, bolsas e cartuchos, de polímeros de etileno;Mianmar;2021;10984;4449
39232190;Outros sacos, bolsas e cartuchos, de polímeros de etileno;Mianmar;2022;29059;11757
39232190;Outros sacos, bolsas e cartuchos, de polímeros de etileno;Mianmar;2023;13912;5094
39232190;Outros sacos, bolsas e cartuchos, de polímeros de etileno;Mianmar;2024;12930;4442
39232190;Outros sacos, bolsas e cartuchos, de polímeros de etileno;Mianmar;2025;43378;9899
39232190;Outros sacos, bolsas e cartuchos, de polímeros de etileno;Moldávia;2023;41;2
39232190;Outros sacos, bolsas e cartuchos, de polímeros de etileno;Montenegro;2021;53;7
39232190;Outros sacos, bolsas e cartuchos, de polímeros de etileno;Montenegro;2024;13;100
39232190;Outros sacos, bolsas e cartuchos, de polímeros de etileno;Moçambique;2021;17862;2224
39232190;Outros sacos, bolsas e cartuchos, de polímeros de etileno;Moçambique;2022;28118;3277
39232190;Outros sacos, bolsas e cartuchos, de polímeros de etileno;Moçambique;2023;19658;2716
39232190;Outros sacos, bolsas e cartuchos, de polímeros de etileno;Moçambique;2024;20145;1713
39232190;Outros sacos, bolsas e cartuchos, de polímeros de etileno;Moçambique;2025;1400;500
39232190;Outros sacos, bolsas e cartuchos, de polímeros de etileno;México;2021;4961836;1009875
39232190;Outros sacos, bolsas e cartuchos, de polímeros de etileno;México;2022;3405834;582517
39232190;Outros sacos, bolsas e cartuchos, de polímeros de etileno;México;2023;3062906;574420
39232190;Outros sacos, bolsas e cartuchos, de polímeros de etileno;México;2024;4121073;689922
39232190;Outros sacos, bolsas e cartuchos, de polímeros de etileno;México;2025;5757750;1103524
39232190;Outros sacos, bolsas e cartuchos, de polímeros de etileno;Namíbia;2022;1811;104
39232190;Outros sacos, bolsas e cartuchos, de polímeros de etileno;Nepal;2021;173;15
39232190;Outros sacos, bolsas e cartuchos, de polímeros de etileno;Nepal;2022;6;3
39232190;Outros sacos, bolsas e cartuchos, de polímeros de etileno;Nepal;2025;10;3
39232190;Outros sacos, bolsas e cartuchos, de polímeros de etileno;Nicarágua;2021;85;33
39232190;Outros sacos, bolsas e cartuchos, de polímeros de etileno;Nicarágua;2022;11258;2637
39232190;Outros sacos, bolsas e cartuchos, de polímeros de etileno;Nicarágua;2023;13;6
39232190;Outros sacos, bolsas e cartuchos, de polímeros de etileno;Nicarágua;2024;3982;867
39232190;Outros sacos, bolsas e cartuchos, de polímeros de etileno;Nicarágua;2025;6276;1156
39232190;Outros sacos, bolsas e cartuchos, de polímeros de etileno;Nigéria;2021;1946035;579046
39232190;Outros sacos, bolsas e cartuchos, de polímeros de etileno;Nigéria;2022;962335;278024
39232190;Outros sacos, bolsas e cartuchos, de polímeros de etileno;Nigéria;2023;2161787;614925
39232190;Outros sacos, bolsas e cartuchos, de polímeros de etileno;Nigéria;2024;1863814;566855
39232190;Outros sacos, bolsas e cartuchos, de polímeros de etileno;Nigéria;2025;992760;313305
39232190;Outros sacos, bolsas e cartuchos, de polímeros de etileno;Noruega;2021;1951;331
39232190;Outros sacos, bolsas e cartuchos, de polímeros de etileno;Noruega;2022;2575;391
39232190;Outros sacos, bolsas e cartuchos, de polímeros de etileno;Noruega;2023;8198;634
39232190;Outros sacos, bolsas e cartuchos, de polímeros de etileno;Noruega;2024;12367;1082
39232190;Outros sacos, bolsas e cartuchos, de polímeros de etileno;Noruega;2025;11854;808
39232190;Outros sacos, bolsas e cartuchos, de polímeros de etileno;Nova Caledônia;2021;427;8
39232190;Outros sacos, bolsas e cartuchos, de polímeros de etileno;Nova Caledônia;2022;31;0
39232190;Outros sacos, bolsas e cartuchos, de polímeros de etileno;Nova Caledônia;2023;11;0
39232190;Outros sacos, bolsas e cartuchos, de polímeros de etileno;Nova Caledônia;2024;52;10
39232190;Outros sacos, bolsas e cartuchos, de polímeros de etileno;Nova Zelândia;2021;137;7
39232190;Outros sacos, bolsas e cartuchos, de polímeros de etileno;Nova Zelândia;2022;0;0
39232190;Outros sacos, bolsas e cartuchos, de polímeros de etileno;Nova Zelândia;2023;113;8
39232190;Outros sacos, bolsas e cartuchos, de polímeros de etileno;Nova Zelândia;2024;79;12
39232190;Outros sacos, bolsas e cartuchos, de polímeros de etileno;Nova Zelândia;2025;45;20
39232190;Outros sacos, bolsas e cartuchos, de polímeros de etileno;Omã;2021;7;139
39232190;Outros sacos, bolsas e cartuchos, de polímeros de etileno;Omã;2022;6;92
39232190;Outros sacos, bolsas e cartuchos, de polímeros de etileno;Omã;2024;0;0
39232190;Outros sacos, bolsas e cartuchos, de polímeros de etileno;Omã;2025;0;1
39232190;Outros sacos, bolsas e cartuchos, de polímeros de etileno;Palau;2023;31;10
39232190;Outros sacos, bolsas e cartuchos, de polímeros de etileno;Palau;2024;15;53
39232190;Outros sacos, bolsas e cartuchos, de polímeros de etileno;Palau;2025;337;40
39232190;Outros sacos, bolsas e cartuchos, de polímeros de etileno;Palestina;2023;8;0
39232190;Outros sacos, bolsas e cartuchos, de polímeros de etileno;Palestina;2025;37;1
39232190;Outros sacos, bolsas e cartuchos, de polímeros de etileno;Panamá;2021;33836;6911
39232190;Outros sacos, bolsas e cartuchos, de polímeros de etileno;Panamá;2022;18745;19173
39232190;Outros sacos, bolsas e cartuchos, de polímeros de etileno;Panamá;2023;51768;10258
39232190;Outros sacos, bolsas e cartuchos, de polímeros de etileno;Panamá;2024;49965;9028
39232190;Outros sacos, bolsas e cartuchos, de polímeros de etileno;Panamá;2025;39847;11963
39232190;Outros sacos, bolsas e cartuchos, de polímeros de etileno;Paquistão;2022;100;16
39232190;Outros sacos, bolsas e cartuchos, de polímeros de etileno;Paquistão;2023;216;90
39232190;Outros sacos, bolsas e cartuchos, de polímeros de etileno;Paraguai;2021;2045972;453796
39232190;Outros sacos, bolsas e cartuchos, de polímeros de etileno;Paraguai;2022;1967500;443890
39232190;Outros sacos, bolsas e cartuchos, de polímeros de etileno;Paraguai;2023;2635225;528732
39232190;Outros sacos, bolsas e cartuchos, de polímeros de etileno;Paraguai;2024;3571051;720446
39232190;Outros sacos, bolsas e cartuchos, de polímeros de etileno;Paraguai;2025;4839285;966565
39232190;Outros sacos, bolsas e cartuchos, de polímeros de etileno;Países Baixos (Holanda);2021;92708;39311
39232190;Outros sacos, bolsas e cartuchos, de polímeros de etileno;Países Baixos (Holanda);2022;230397;58949
39232190;Outros sacos, bolsas e cartuchos, de polímeros de etileno;Países Baixos (Holanda);2023;81513;19811
39232190;Outros sacos, bolsas e cartuchos, de polímeros de etileno;Países Baixos (Holanda);2024;71431;19320
39232190;Outros sacos, bolsas e cartuchos, de polímeros de etileno;Países Baixos (Holanda);2025;2764;460
39232190;Outros sacos, bolsas e cartuchos, de polímeros de etileno;Peru;2021;712989;80560
39232190;Outros sacos, bolsas e cartuchos, de polímeros de etileno;Peru;2022;578725;64801
39232190;Outros sacos, bolsas e cartuchos, de polímeros de etileno;Peru;2023;656610;69732
39232190;Outros sacos, bolsas e cartuchos, de polímeros de etileno;Peru;2024;998826;96167
39232190;Outros sacos, bolsas e cartuchos, de polímeros de etileno;Peru;2025;906676;89711
39232190;Outros sacos, bolsas e cartuchos, de polímeros de etileno;Polinésia Francesa;2022;6;5
39232190;Outros sacos, bolsas e cartuchos, de polímeros de etileno;Polinésia Francesa;2023;26;12
39232190;Outros sacos, bolsas e cartuchos, de polímeros de etileno;Polônia;2021;12135;945
39232190;Outros sacos, bolsas e cartuchos, de polímeros de etileno;Polônia;2022;16;9
39232190;Outros sacos, bolsas e cartuchos, de polímeros de etileno;Polônia;2023;26;9
39232190;Outros sacos, bolsas e cartuchos, de polímeros de etileno;Polônia;2024;147;37
39232190;Outros sacos, bolsas e cartuchos, de polímeros de etileno;Polônia;2025;2952;121
39232190;Outros sacos, bolsas e cartuchos, de polímeros de etileno;Porto Rico;2021;211235;94039
39232190;Outros sacos, bolsas e cartuchos, de polímeros de etileno;Porto Rico;2022;115465;44124
39232190;Outros sacos, bolsas e cartuchos, de polímeros de etileno;Porto Rico;2023;18328;7452
39232190;Outros sacos, bolsas e cartuchos, de polímeros de etileno;Porto Rico;2024;0;0
39232190;Outros sacos, bolsas e cartuchos, de polímeros de etileno;Porto Rico;2025;30;5
39232190;Outros sacos, bolsas e cartuchos, de polímeros de etileno;Portugal;2021;341842;133507
39232190;Outros sacos, bolsas e cartuchos, de polímeros de etileno;Portugal;2022;300659;111664
39232190;Outros sacos, bolsas e cartuchos, de polímeros de etileno;Portugal;2023;300703;103684
39232190;Outros sacos, bolsas e cartuchos, de polímeros de etileno;Portugal;2024;224651;80054
39232190;Outros sacos, bolsas e cartuchos, de polímeros de etileno;Portugal;2025;300249;114738
39232190;Outros sacos, bolsas e cartuchos, de polímeros de etileno;Reino Unido;2021;395407;278428
39232190;Outros sacos, bolsas e cartuchos, de polímeros de etileno;Reino Unido;2022;587506;406633
39232190;Outros sacos, bolsas e cartuchos, de polímeros de etileno;Reino Unido;2023;388136;280916
39232190;Outros sacos, bolsas e cartuchos, de polímeros de etileno;Reino Unido;2024;351326;235194
39232190;Outros sacos, bolsas e cartuchos, de polímeros de etileno;Reino Unido;2025;452699;321406
39232190;Outros sacos, bolsas e cartuchos, de polímeros de etileno;República Dominicana;2021;383111;173458
39232190;Outros sacos, bolsas e cartuchos, de polímeros de etileno;República Dominicana;2022;573198;211133
39232190;Outros sacos, bolsas e cartuchos, de polímeros de etileno;República Dominicana;2023;438789;164268
39232190;Outros sacos, bolsas e cartuchos, de polímeros de etileno;República Dominicana;2024;489870;187661
39232190;Outros sacos, bolsas e cartuchos, de polímeros de etileno;República Dominicana;2025;438462;176106
39232190;Outros sacos, bolsas e cartuchos, de polímeros de etileno;Romênia;2024;65;13
39232190;Outros sacos, bolsas e cartuchos, de polímeros de etileno;Romênia;2025;433;20
39232190;Outros sacos, bolsas e cartuchos, de polímeros de etileno;Ruanda;2023;6;0
39232190;Outros sacos, bolsas e cartuchos, de polímeros de etileno;Ruanda;2024;80;10
39232190;Outros sacos, bolsas e cartuchos, de polímeros de etileno;Rússia;2021;89;4
39232190;Outros sacos, bolsas e cartuchos, de polímeros de etileno;Rússia;2022;36;2
39232190;Outros sacos, bolsas e cartuchos, de polímeros de etileno;Rússia;2024;17186;1292
39232190;Outros sacos, bolsas e cartuchos, de polímeros de etileno;San Marino;2024;520;882
39232190;Outros sacos, bolsas e cartuchos, de polímeros de etileno;San Marino;2025;265;21
39232190;Outros sacos, bolsas e cartuchos, de polímeros de etileno;Senegal;2024;20;1
39232190;Outros sacos, bolsas e cartuchos, de polímeros de etileno;Senegal;2025;149;80
39232190;Outros sacos, bolsas e cartuchos, de polímeros de etileno;Serra Leoa;2022;150;10
39232190;Outros sacos, bolsas e cartuchos, de polímeros de etileno;Serra Leoa;2024;45;5
39232190;Outros sacos, bolsas e cartuchos, de polímeros de etileno;Singapura;2021;108190;16751
39232190;Outros sacos, bolsas e cartuchos, de polímeros de etileno;Singapura;2022;294689;40237
39232190;Outros sacos, bolsas e cartuchos, de polímeros de etileno;Singapura;2023;8487;1210
39232190;Outros sacos, bolsas e cartuchos, de polímeros de etileno;Singapura;2024;158746;21582
39232190;Outros sacos, bolsas e cartuchos, de polímeros de etileno;Singapura;2025;65090;8488
39232190;Outros sacos, bolsas e cartuchos, de polímeros de etileno;Sri Lanka;2023;164;43
39232190;Outros sacos, bolsas e cartuchos, de polímeros de etileno;Suriname;2021;3368;888
39232190;Outros sacos, bolsas e cartuchos, de polímeros de etileno;Suriname;2022;2100;489
39232190;Outros sacos, bolsas e cartuchos, de polímeros de etileno;Suriname;2023;2816;275
39232190;Outros sacos, bolsas e cartuchos, de polímeros de etileno;Suriname;2024;8039;719
39232190;Outros sacos, bolsas e cartuchos, de polímeros de etileno;Suriname;2025;7104;654
39232190;Outros sacos, bolsas e cartuchos, de polímeros de etileno;Suécia;2021;31042;425
39232190;Outros sacos, bolsas e cartuchos, de polímeros de etileno;Suécia;2023;16;3
39232190;Outros sacos, bolsas e cartuchos, de polímeros de etileno;Suécia;2024;47;3
39232190;Outros sacos, bolsas e cartuchos, de polímeros de etileno;Suécia;2025;45776;10712
39232190;Outros sacos, bolsas e cartuchos, de polímeros de etileno;Suíça;2021;2275;124
39232190;Outros sacos, bolsas e cartuchos, de polímeros de etileno;Suíça;2022;87;22
39232190;Outros sacos, bolsas e cartuchos, de polímeros de etileno;Suíça;2023;66;13
39232190;Outros sacos, bolsas e cartuchos, de polímeros de etileno;Suíça;2024;78;27
39232190;Outros sacos, bolsas e cartuchos, de polímeros de etileno;Suíça;2025;288;75
39232190;Outros sacos, bolsas e cartuchos, de polímeros de etileno;São Cristóvão e Névis;2024;94;25
39232190;Outros sacos, bolsas e cartuchos, de polímeros de etileno;São Cristóvão e Névis;2025;360;48
39232190;Outros sacos, bolsas e cartuchos, de polímeros de etileno;São Vicente e Granadinas;2021;15;15
39232190;Outros sacos, bolsas e cartuchos, de polímeros de etileno;São Vicente e Granadinas;2022;474;130
39232190;Outros sacos, bolsas e cartuchos, de polímeros de etileno;São Vicente e Granadinas;2023;3107;951
39232190;Outros sacos, bolsas e cartuchos, de polímeros de etileno;São Vicente e Granadinas;2025;157;12
39232190;Outros sacos, bolsas e cartuchos, de polímeros de etileno;Sérvia;2021;240;33
39232190;Outros sacos, bolsas e cartuchos, de polímeros de etileno;Sérvia;2022;312;54
39232190;Outros sacos, bolsas e cartuchos, de polímeros de etileno;Sérvia;2023;1152;192
39232190;Outros sacos, bolsas e cartuchos, de polímeros de etileno;Sérvia;2024;1570;257
39232190;Outros sacos, bolsas e cartuchos, de polímeros de etileno;Sérvia;2025;0;1
39232190;Outros sacos, bolsas e cartuchos, de polímeros de etileno;Tailândia;2021;95109;19438
39232190;Outros sacos, bolsas e cartuchos, de polímeros de etileno;Tailândia;2022;73324;14804
39232190;Outros sacos, bolsas e cartuchos, de polímeros de etileno;Tailândia;2023;78641;15484
39232190;Outros sacos, bolsas e cartuchos, de polímeros de etileno;Tailândia;2024;147317;31407
39232190;Outros sacos, bolsas e cartuchos, de polímeros de etileno;Tailândia;2025;65124;13529
39232190;Outros sacos, bolsas e cartuchos, de polímeros de etileno;Tanzânia;2024;10;2
39232190;Outros sacos, bolsas e cartuchos, de polímeros de etileno;Tanzânia;2025;1106;1
39232190;Outros sacos, bolsas e cartuchos, de polímeros de etileno;Togo;2022;260;120
39232190;Outros sacos, bolsas e cartuchos, de polímeros de etileno;Trinidad e Tobago;2021;12;0
39232190;Outros sacos, bolsas e cartuchos, de polímeros de etileno;Trinidad e Tobago;2023;8;1
39232190;Outros sacos, bolsas e cartuchos, de polímeros de etileno;Trinidad e Tobago;2024;473;36
39232190;Outros sacos, bolsas e cartuchos, de polímeros de etileno;Trinidad e Tobago;2025;26;4
39232190;Outros sacos, bolsas e cartuchos, de polímeros de etileno;Tunísia;2021;43;12
39232190;Outros sacos, bolsas e cartuchos, de polímeros de etileno;Tunísia;2022;20;3
39232190;Outros sacos, bolsas e cartuchos, de polímeros de etileno;Tunísia;2023;138;1
39232190;Outros sacos, bolsas e cartuchos, de polímeros de etileno;Tunísia;2024;29;2
39232190;Outros sacos, bolsas e cartuchos, de polímeros de etileno;Turquia;2021;1434;587
39232190;Outros sacos, bolsas e cartuchos, de polímeros de etileno;Turquia;2022;78;6
39232190;Outros sacos, bolsas e cartuchos, de polímeros de etileno;Turquia;2023;19400;1536
39232190;Outros sacos, bolsas e cartuchos, de polímeros de etileno;Turquia;2024;36332;5056
39232190;Outros sacos, bolsas e cartuchos, de polímeros de etileno;Turquia;2025;12255;1099
39232190;Outros sacos, bolsas e cartuchos, de polímeros de etileno;Ucrânia;2021;1185;200
39232190;Outros sacos, bolsas e cartuchos, de polímeros de etileno;Ucrânia;2023;40;6
39232190;Outros sacos, bolsas e cartuchos, de polímeros de etileno;Ucrânia;2024;55;1
39232190;Outros sacos, bolsas e cartuchos, de polímeros de etileno;Ucrânia;2025;1664;80
39232190;Outros sacos, bolsas e cartuchos, de polímeros de etileno;Uganda;2021;1310;612
39232190;Outros sacos, bolsas e cartuchos, de polímeros de etileno;Uganda;2024;30186;2335
39232190;Outros sacos, bolsas e cartuchos, de polímeros de etileno;Uruguai;2021;8641558;3183338
39232190;Outros sacos, bolsas e cartuchos, de polímeros de etileno;Uruguai;2022;7308387;2301145
39232190;Outros sacos, bolsas e cartuchos, de polímeros de etileno;Uruguai;2023;6584690;2010784
39232190;Outros sacos, bolsas e cartuchos, de polímeros de etileno;Uruguai;2024;7811399;2285502
39232190;Outros sacos, bolsas e cartuchos, de polímeros de etileno;Uruguai;2025;7934598;2405457
39232190;Outros sacos, bolsas e cartuchos, de polímeros de etileno;Uzbequistão;2021;65;21
39232190;Outros sacos, bolsas e cartuchos, de polímeros de etileno;Vanuatu;2021;34;17
39232190;Outros sacos, bolsas e cartuchos, de polímeros de etileno;Vanuatu;2022;41;16
39232190;Outros sacos, bolsas e cartuchos, de polímeros de etileno;Vanuatu;2024;42;7
39232190;Outros sacos, bolsas e cartuchos, de polímeros de etileno;Venezuela;2021;35234;5639
39232190;Outros sacos, bolsas e cartuchos, de polímeros de etileno;Venezuela;2022;130929;18400
39232190;Outros sacos, bolsas e cartuchos, de polímeros de etileno;Venezuela;2023;144985;20351
39232190;Outros sacos, bolsas e cartuchos, de polímeros de etileno;Venezuela;2024;252736;26275
39232190;Outros sacos, bolsas e cartuchos, de polímeros de etileno;Venezuela;2025;98617;7904
39232190;Outros sacos, bolsas e cartuchos, de polímeros de etileno;Vietnã;2021;6982;688
39232190;Outros sacos, bolsas e cartuchos, de polímeros de etileno;Vietnã;2022;3985;410
39232190;Outros sacos, bolsas e cartuchos, de polímeros de etileno;Vietnã;2023;9022;829
39232190;Outros sacos, bolsas e cartuchos, de polímeros de etileno;Vietnã;2024;3075;101
39232190;Outros sacos, bolsas e cartuchos, de polímeros de etileno;África do Sul;2021;25060;8464
39232190;Outros sacos, bolsas e cartuchos, de polímeros de etileno;África do Sul;2022;6638;1752
39232190;Outros sacos, bolsas e cartuchos, de polímeros de etileno;África do Sul;2023;5408;1273
39232190;Outros sacos, bolsas e cartuchos, de polímeros de etileno;África do Sul;2024;1381;336
39232190;Outros sacos, bolsas e cartuchos, de polímeros de etileno;África do Sul;2025;160;90
39232190;Outros sacos, bolsas e cartuchos, de polímeros de etileno;Áustria;2021;11;3
39232190;Outros sacos, bolsas e cartuchos, de polímeros de etileno;Áustria;2024;1;0
39232190;Outros sacos, bolsas e cartuchos, de polímeros de etileno;Índia;2021;378;128
39232190;Outros sacos, bolsas e cartuchos, de polímeros de etileno;Índia;2022;6570;178
39232190;Outros sacos, bolsas e cartuchos, de polímeros de etileno;Índia;2023;8496;2738
39232190;Outros sacos, bolsas e cartuchos, de polímeros de etileno;Índia;2024;411;64
39232190;Outros sacos, bolsas e cartuchos, de polímeros de etileno;Índia;2025;222;29
